,季節,MBTI,人生観,ロケーション,グルメ
アンドロメダ座,"秋
午後8〜11時ごろ、東〜南の空に
アンドロメダ銀河（M31）は、双眼鏡でぼんやり見えることも！","INFJ（提唱者）
•アンドロメダ座は秋の中天に広がり、比較的淡く、輪郭も捉えにくい
•代表的な天体「アンドロメダ銀河（M31）」は暗い空の下でじっくり見ないと気づけない。つまり、「派手に輝かないが、そこに確実に存在する深い何か」がある
→INFJは、「静かに・深く・精神性の中で」物事を捉える内向直感型
→ 光り輝くわけではないが、“意味があるもの”を内に秘めている星座とシンクロ

","受容型	
•	アンドロメダは、母カシオペアの虚栄心の罪を背負い、生贄として鎖で岩に繋がれる
	•	自らに非はないのに「状況を受け入れる」姿勢をとった神話的存在
	•	救われたのは、彼女が耐え忍んだあとに現れたペルセウスによって

→人生観タイプ「受容型」は、自らの意志ではどうにもならない状況を、内面で咀嚼して受け入れる強さを持つ人に対応します",長野県 阿智村 星空日本一、静寂と透明度,信州そば、地ワイン
いっかくじゅう座,"冬
→ オリオン座とこいぬ座の間にあるが、星が暗く、形もわかりづらい
→ それでも、星雲や散開星団が多く、“見えない美しさ”に満ちた星座
","INFJ（提唱者）
いっかくじゅう座は、暗く控えめで、形も目立たない星座
しかし、美しい星雲（バラ星雲など）を内部に秘めているという、“知る人ぞ知る”神秘的な星座
外からは見えづらいが、望遠鏡を通すと豊かな世界が広がる
→INFJは、深い理想と静かな情熱を持ち、人の内面に共鳴しやすい直感型タイプ
→ 見えづらくても心に残るものに惹かれる傾向があり、目立たない星座の内にある美しさと深くリンク
→ “気づく人だけが出会える”静かな星座は、INFJの世界観そのもの","幻想型
いっかくじゅう座にはギリシャ神話の直接的な起源はなく、17世紀に創作された「幻想の動物」
ユニコーンは、純粋さ・夢・理想・手の届かないものの象徴
星座としてのいっかくじゅう座も、「見えないけど信じたい美しさ」「理想や空想を信じる心」を表現
→幻想型は、現実よりも“こうありたい世界”を追いかける人
→ 見えづらくても、心の中に確かに存在する理想を信じ、そこに価値を見出すタイプ","沖縄県・南城市の知念岬公園
→ 星空の観光地としては穴場だが、南に開けた視界からいっかくじゅう座が観測できる
→ 星空と海の幻想的なコラボ。バラ星雲の撮影スポットとしても人気",アグー豚、海ぶどう、泡盛
いて座,"夏
→ 南の空に「ティーポット型」に星が並ぶ特徴的な形
→ 天の川の中心方向にあり、明るい星々と星雲が密集するエリア
→ 南斗六星や干潟星雲、M8などの見どころも多い
→ 日本全国で観測可能（南ほどよく見える）
","ENTP（討論者タイプ）
いて座は、星の数が多く、明るい星団・星雲が密集した“宇宙のにぎわい”のようなエリア
→ ティーポットのような形もあり、一見親しみやすく、でも奥深い
→ 「中心を狙う矢」「知識の射手座」という神話イメージとリンクして、知的好奇心の強さと直進力を感じさせる
→ ENTPは、革新を求めて探求と議論を楽しむ、柔軟で好奇心旺盛な挑戦者
→ いて座の「広がりと深さ」「宇宙の中心に向かう矢」は、知的冒険者としてのENTPにぴったり
→ 空間的にも情報的にも、“先へ先へ”と飛んでいく性質","探究型
ギリシャ神話では、いて座は半人半馬のケイローン（知識と技術に優れた賢者）
→ 医学・哲学・音楽など多くを教える“導師”でありながら、死すら受け入れた賢さと覚悟を持つ存在
→ 星座では「矢を空に放つ姿」で描かれ、常に“より高い真理”を目指す象徴
→探究型は、人生を旅や学びとしてとらえ、知と経験で成長するスタイル
→ 自分の限界も、世界の広さも知った上で、なおも問いを手放さない
→ いて座の神話は、その生き方そのもの
","鹿児島県・奄美大島

→ 南の空が大きく開け、いて座が天の川の中心とともにくっきり見える
→ サトウキビ畑の夜、満天の星とともに「知的冒険の夜」を体感",鶏飯、島豚、地魚刺し
イルカ座,"夏
→ はくちょう座とペガスス座の間、夏の大三角の近くにある小さな星座
→ 明るい星は少ないが、「ひし形＋1本の尾」の形が特徴的で、見つけると嬉しくなる星座
→ コンパクトな中に可愛さと個性が詰まっている","ISFP（冒険家）
イルカ座は小さくて控えめ、でもきれいに並んだ個性的な形状が魅力
特別明るくないけれど、星座全体に繊細で静かな存在感がある
「気づいたら好きになる」ような、内面の美しさが光る星座SFPは、感性豊かで控えめ、自分の世界観を大切にするアーティスト肌の性格
→ 目立たないけれど見つけた人には印象深いイルカ座は、ISFPの静かで魅力的な個性と重なります
→ 派手ではなく、“そっとそこにいる”優しさや自然体の美しさに共鳴","癒し型
ギリシャ神話では、イルカは詩人アリオンを救った動物
　→ アリオンが船上で命を狙われた際、竪琴を奏でた歌声に感動したイルカが彼を助けた
イルカはその功績で空に上げられた
→ 「命を救う優しさ」「音楽や美を通じた共鳴」「無償のやさしさ」が象徴
→癒し型は、誰かを癒すこと・穏やかな関係を大切にする人生観
→ 主張しすぎず、でも確かに人の心に寄り添うその姿勢が、イルカ座の神話と重なります
","長野県・阿智村
→日本一の星空”といわれるほどの観測環境
→ 街明かりが少なく、小さな星座でもはっきり見える",おやき、馬刺し、地酒
インディアン座,"南半球（日本では見えにくい）
→ 南天の星座で、日本ではほとんど見えない or 地平線近くに少しだけ見える程度
→ 南緯30度以南（例：オーストラリア、南アフリカ）で美しく観測可能
→ 星は暗めで形もはっきりしないが、“そこにあること”に意味があるような星座
","INTP（論理学者）
インディアン座は星が暗く目立たないが、南天で静かに存在感を放つ星座
「はっきりした形」や「明るい星」はないが、独自の構造と位置があり、星図を見る人にだけ意味がわかるような星座
南半球の人でなければ気づかれにくい＝“観察する者には深い意味を与える”タイプ
→ INTPは、理論や構造を深く理解し、表面的な派手さよりも内在的な真理を探究する知的タイプ
→ インディアン座の「見えづらくても確かに存在する」「構造を持つが語られにくい」点が、知的でマイペースなINTPと響く","精神型（静かな知と自然の一致を求める）
インディアン座に直接的なギリシャ神話はなく、16世紀の探検家たちが「新世界（南米・アフリカ・アジア）」にインスパイアされて命名
星図では、自然と共に生きる哲学者的な“先住民”像として描かれることが多い
→ 物語性よりも「自然との融合」「言葉にならない価値」を象徴する
→精神型は、思索・自然との一体感・内的な静けさを重視する人生観
→ 見えないもの・言葉にできないものを感じ取り、知的で非干渉な調和を求める人に向いている
","オーストラリア・エアーズロック周辺
→ 南半球ならではの星空スポット。南天のインディアン座がよく見える
→ アボリジニ文化と結びついた神聖な土地で、自然と星と精神がつながる体験ができる",ブッシュタッカー
うお座,"秋
夜8〜10時ごろ、南東〜南の空に
「春分点」のある星座。季節の移り変わりの象徴でもある","INFP（仲介者）	
•	うお座は暗くて目立たず、見つけづらい星座
	•	星々がゆるやかに繋がり、輪郭が曖昧で、境界がぼやけている（まさに魚が水に溶け込むように）
	•	空を“流れるように”存在する姿は、繊細で非主張的な個性

→INFPは、他者への共感・空想・静かな自己表現を大切にするタイプ
→ 「目立たないが、深い感情を内に秘める星座」と相性◎
","融合型
	・ギリシャ神話では、アフロディーテと息子エロスが怪物から逃れるため魚に姿を変えた
	•2匹の魚はリボンで結ばれ、常に一緒に泳ぐ
	•この神話は、離れずに一体でいること（心のつながり・融合）の象徴

→「融合型」は、誰かと深い絆で結ばれることに価値を感じる人生観
→ 特に恋愛・家族・友情において「完全な一体感」を求める人にマッチ","和歌山県 南紀白浜　海と星の融合空間  


",マグロ丼、梅スイーツ
うさぎ座,"冬
南の低空に位置し、オリオン座のすぐ下にある
比較的地平線近くにあり、明るい星は少なく目立ちにくい
冬の澄んだ空で、空気の透明度が高いときに観測しやすい","ISFP（冒険家）
•うさぎ座は目立たず地平線近くにひっそりと存在
•星の明るさは控えめで、静かにそこにいる感覚
•ISFPも「感性豊か・控えめ・自然体」の性質を持ち、自己表現は静かで繊細
→ 見つけようとしないと見えない星座 × 見つけようとしないと理解されにくい性格","回避型


•古代ギリシャでは、うさぎ座はオリオンに追われる獲物
•正面から戦うのではなく、逃げる・隠れることで生き抜く象徴
•回避型は、「安全・穏やかさ」を大切にし、無理に戦わず流れに身を任せる選択を尊ぶ","高知県　足摺岬
南の空が大きく開け、低空に浮かぶうさぎ座を見渡すのに最適な静かな観測地",カツオのたたき、ゆず料理
うしかい座,"春
→ 明るい1等星「アークトゥルス」を持ち、春の夜空でとても目立つ星座
→ 北の空から東・南東の空へかけて移動する","ENFJ（主人公）
•うしかい座は春の星座の中でも特に目立つ
	•中心にあるアークトゥルス（Arcturus）は全天で4番目に明るい1等星で、非常に強い輝きを放つ
	•多くの星座が淡い中で、「アークトゥルス」はまるで導くような光を放っている
→ ENFJタイプは、人を導き、支え、前向きに鼓舞するカリスマ的リーダー
→ 強く明るく光り、人々の希望となる「アークトゥルス」と強く共鳴
→ また、感情に敏感で、集団の中での調和を重んじる姿勢も、「農耕の守護者」的な星座の役割と重なる","革新型	　　　　　　　　　　　　　　　　　　　　　　　　　　　　　　　•	うしかい座は、農業・牧畜を人間に教えた英雄アルカスとされることが多い
	•	また、ゼウスによって天に上げられ、人々の役に立つ星となった
	•	自然を知恵に変え、文明を育てた存在
→革新型は、「これまでになかった価値を生み出し、社会や世界に貢献したい」という人生観
→ 知識と行動で未来を切り開く「改革者」「育てる人」にぴったり",長野県・美ヶ原高原　　　　　　　　　　　　　　　　　　　　　　　　空気が澄んだ標高2000mの高原から、アークトゥルスがきらめく春の星空が望める,春の山菜や信州ワイン、地元野菜のグルメ
うみへび座,"春
→ 東〜南の空にかけて、全天で最も長い星座（約100度！）
→ 星自体は暗く目立たないが、非常に広大で見ごたえがある","INTP（論理学者）	　　　　　　　　　　　　　　　　　　　　•	うみへび座は非常に大きく、空を横断するほど長大。ただし、星はどれも明るくないため、全体像を理解するには時間と知識が必要
	•	星図をじっくり見ないとわからないような「広がりと奥行き」がある
→ INTPタイプは、知的探究心が強く、表層ではなく構造・全体像を読み解こうとする分析家
→ 見た目ではなく、内側の構造や規模感の深さに惹かれる人にぴったり
→ 「地味だけど圧倒的なスケール感を持つ」うみへび座は、まさにINTPの星座！","克服型	　　　　　　　　　　　　　　　　　　　　　　　　　　　　　　　•	うみへび座は、ヘラクレスが倒した9つの頭を持つ怪物ヒュドラが由来
	•	ヒュドラは首を切っても新しい首が生えるという再生能力を持ち、一筋縄ではいかない強敵
	•	ヘラクレスは知恵と工夫でそれを克服し、神話的な「試練を超える力」の象徴に

→「克服型」は、課題や困難を乗り越えて、精神的に成長していく人生観タイプ
→ すぐに答えが出ない困難にも、知恵と粘り強さで向き合う姿勢を持つ人に対応","宮崎県・都井岬　　　　　　　　　　　　　　　　　　　　　　　　　　太平洋に面し、広い水平線と長い南の空が広がる絶景スポット
春は野生馬も見られ、自然と静けさが共存する観測地",郷土料理（チキン南蛮、冷や汁）
エリダヌス座,"冬
→ オリオン座の左下から始まり、南の低空に非常に長く伸びる星座
→ 日本では全体を見られないほど南に広がっている（星座の南端は南半球でしか見えない）","INFP（仲介者）
星の明るさは控えめで、形もわかりにくい。しかし、その全長は全天で2番目の長さを持ち、蛇行する川のように流れる構造。特に南の地平線近く（日本からは見えづらい）に伸びる姿は、一部しか見えないのに“深く長い存在感”を感じさせる

→INFPは、静かで控えめだけれど、内面に豊かな感情と深い価値観を持つ人
→ エリダヌス座の「全貌が見えないが、確かに存在する深さ」は、INFPの""心の深流”と重なる
","探究型	
•ギリシャ神話では、エリダヌス川は太陽神ヘリオスの子ファエトンが墜落した場所
•ファエトンは父の太陽の馬車を借り、制御できずに天から墜落し、川に沈んだ
•この話は、「理想を追って失敗する若者」や、「知識を求めた代償」を象徴している

→人生観「探究型」は、知る・行動する・試すことに意味を感じるタイプ
→ たとえ結果が失敗でも、「自ら試みることに意味がある」と信じる精神がファエトンと一致します","鹿児島県・佐多岬→ 日本の本土最南端から、南の空低くに伸びるエリダヌス座の末端がぎりぎり見える
→ 静けさと自然の強さが調和した土地。星見に適した冬の南国",黒豚しゃぶ、きびなご刺身
おうし座,"冬
冬の代表星座の一つ。アルデバラン（1等星)が赤く輝き、プレアデス星団（すばる）も有名
→ オリオン座のすぐ近くにあり、冬の夜空でとても目立つ存在","ESTJ（幹部）
•おうし座は、冬の夜空でしっかりと形がわかる構造的な星座
•赤く輝くアルデバランや、整然と並んだプレアデス（すばる）は、「力強さ」と「安定感」の象徴
•星々の配置が明瞭で、秩序や実在感を強く感じさせる星座

→ ESTJは、現実的・実行力があり・秩序を重んじるリーダータイプ
→ 「見えやすく」「安定した形」「構造的な美しさ」を持つおうし座は、信頼感・堅実さ・責任感を持つESTJと相性抜群","守護型
•ギリシャ神話では、大神ゼウスが白い雄牛に姿を変え、王女エウロパを連れて海を渡る
•ゼウスの変身は「守るため」「導くため」の行為とされることがある
•また、雄牛は古代から豊穣・守り・力強さの象徴とされる

→ 守護型は、誰かを支えることに人生の価値を見出すタイプ
→ 自分の力で守りたい対象があり、堅実で頼られる存在を目指す人に対応","北海道・美瑛
→ 冬の澄んだ空と、雪に包まれた丘からの満天の星空
→ 寒さの中に力強い自然の美があり、おうし座の構造的な星並びがくっきり見える",じゃがバター、十勝牛、濃厚ミルク系スイーツ
おおいぬ座,"冬 
→オリオン座のすぐ南に位置し、全天で最も明るい恒星「シリウス」を擁する
→ 星の並びが犬の形に見えることもあり、“オリオンの猟犬”として古代から親しまれてきた星座
","ESTP（起業家）
おおいぬ座には、シリウス（−1.46等級）という圧倒的な輝きを持つ星があり、夜空で最も目立つ
星座自体も比較的見つけやすく、アクティブで力強い印象
常にオリオン座と行動を共にし、動きや狩り、行動の象徴
→ESTPは、エネルギッシュで行動的、現実に強く働きかける実践家タイプ
→ おおいぬ座の持つ「圧倒的な存在感」「リーダーの横で動く忠実なパートナー像」が、状況判断力と行動力に長けたESTPとマッチ
→ 「輝きで注目される」「スピーディーで鋭い感覚」も、シリウスの特性と共鳴","献身型
ギリシャ神話では、おおいぬ座は狩人オリオンの忠実な猟犬ライラプスに由来
ライラプスは、「決して獲物を逃がさない」不滅の狩猟犬として知られる
最終的にゼウスによって天に上げられ、忠義と忠誠の象徴となった
→献身型は、自分の役割や誰かへの貢献に価値を見出すタイプ
→ オリオンのそばで黙々と任務を果たすライラプスの姿勢は、支えること・信頼されることを喜びとする人にぴったり","高知県・四国カルスト
 →標高1,000m超えの広大な高原で、冬の澄んだ空にシリウスがくっきり輝く
→ 街明かりが少なく、全天の中でも最も明るい星の観測にぴったり
→ カルスト台地の大自然と一緒に、満天の星を体験できる
",土佐あかうし、カツオのたたき
おおかみ座,"南半球
→ 日本では沖縄など南西諸島で、地平線近くにわずかに観測可能
→ 南半球（オーストラリア・南アフリカなど）でよく見える
→ 明るい星は少ないが、星が密集し輪郭のあるコンパクトな構造
","ISTP（巨匠タイプ）
おおかみ座は、星自体はそれほど明るくないが、構造が明確で骨格的
星が密集しており、“控えめながら骨太”な印象を与える
周囲の星座（ケンタウロス座など）との関係の中で機能しているが、独立性も高い星座
→ ISTPは、冷静で観察力があり、物事を効率的にこなす現実派
→ 感情表現は控えめでも、“本質を捉えて動ける”静かな職人タイプ
→ おおかみ座の「目立たないが確かな存在感」と一致","誠実型
おおかみ座は、古代ギリシャでは生け贄の獣として描かれていた
→ ケンタウロス座に捧げられる存在として天に描かれたとされる
ローマ・中世では「忠義の象徴」や「献身の狼」とも関連付けられた
→ 誰かに捧げる存在としてではなく、“役割をまっとうすること”に意味がある星座
→ 誠実型は、自分の役割や信念を大切にし、目立たずとも責任を果たすことに価値を感じるタイプ
→ おおかみ座の「静かな献身性」「誇り高い役割意識」と一致","オーストラリア・ウルル近郊
→ 南緯25度付近で、おおかみ座が天頂付近に来る貴重な場所
→ 大地と星空の一体感があり、静けさと野性が両立した空間",伝統的ブッシュフード
おおぐま座,"春
→ 北極星を見つける「北斗七星」が属しており、夜空で最も有名な星座の一つ
→ 初心者でも見つけやすい明るく大きな星の並びと、年中夜空にある安心感","ESFJ（領事官）
おおぐま座の一部「北斗七星」は、迷った人を導く星の柄杓（ひしゃく）として親しまれる
1年中見える周極星座＝“いつでもそこにいる安心感”
明るく、周囲を包み込むような構造が特徴的で、人を支えるイメージ
→ESFJは、他者に寄り添い、組織や家庭での調和を大切にする世話焼きタイプ
→ おおぐま座の「迷った人を導く」「そばにいてくれる安心感」と重なる
→ 実際の明るさ・形・北極星との関係性が、ESFJの“人のために動ける力”と一致
","保護型
ギリシャ神話では、ゼウスに愛された美しい女性カリストがアルテミスに見つかり、熊に姿を変えられてしまう
息子アルカスが母と知らずに熊を狩ろうとした時、ゼウスが2人を天に上げ、親子の愛と守りの象徴にした
おおぐま座はその母・カリストであり、守る存在・見守る愛の象徴
→保護型は、家族や仲間、後輩を支えたいという気持ちを大切にする人生観
→ 縁の下の力持ちであり、「何かあったら必ず助ける」というあたたかい強さを持つ","北海道・美瑛町
→ 周囲に遮る光が少なく、広い北の空に北斗七星がくっきり見える
→ 夜空と大地が広がる静かな土地で、「いつでもそこにいる星座」の魅力を体感",ジャガバター、ジンギスカン、地ビール
おとめ座,"春
→ 春の南の空に大きく広がる星座で、全天で2番目に広い（1位はうみへび座）
→ α星スピカが明るく、春の大三角の一角としても有名
→ 比較的星の並びが散らばっているが、一等星スピカが目印になる","INFJ（提唱者）
おとめ座は大きくて目立つ星座だけれど、形がわかりにくく、じっくり観察する必要がある
一等星スピカは明るく美しいが、それ以外の星は控えめで繊細
→ 「見る人が意味を見つける」ような構造
→ INFJは、深い思索と理想を持つ内向的ビジョナリータイプ
→ 外見は静かでも、内側に明確な価値観と美意識を持っている
→ スピカのように「一点の輝き」で周囲に影響を与えるINFJにぴったり","理想型
ギリシャ神話では、おとめ座は正義と豊穣を司る女神アストライアに由来
　→ 人間が堕落していく中で、唯一天界へ戻った存在とされる
「正しさ」や「純粋さ」への信念が強く、理想の世界を願う存在
→ 理想型は、「こうあるべき世界」に向かって静かに努力する人生観
→ 現実とのギャップを抱えながらも、希望や倫理を手放さない姿勢が、アストライアの神話と一致","長野県・野辺山高原
→ 日本屈指の高原天文台エリアで、空気が澄んでおとめ座のスピカがきれいに見える
→ 標高1,300m超、春の新緑と夜空の青が重なる絶景
→ 清里高原や星空列車もあり、知的で穏やかな旅にぴったり",八ヶ岳高原野菜のプレート料理、高原ベーカリーの天然酵母パン、八ヶ岳の手づくりチーズ＆ヨーグルト
おひつじ座,"秋
→ 秋の夜空の東側に昇り、比較的小さく控えめな星の並び
→ α星ハマルはそれなりに明るいが、全体的には目立ちにくい星座
→ それでも、黄道12星座の最初に位置する“始まりの星座”","ENTP（討論者）
おひつじ座は星自体は派手ではないが、占星術ではスタート地点（春分点）として重視される
星座の形もやや抽象的で、見つけるには想像力や知識が必要
→ 他者には見えにくくても、「自分が見つけた」と思える感覚がある星座
→ ENTPは、直感と知識、柔軟な思考で世界を切り拓く創造的リーダータイプ
→ 目立たなくても核に「始まりの炎」を持つおひつじ座は、新しい発想や挑戦を恐れないENTPと共鳴
→ 「他人が注目してなくても、自分は気づいてる」──まさにENTPらしい視点","革新型
ギリシャ神話では、おひつじ座は金色の羊＝クリソマロスに由来
→ 王子プリクソスと妹ヘレを助けるために空を飛び、命を救った
最終的に羊は犠牲となり、その毛皮は「金羊毛」として新しい秩序を呼び込む象徴に
→革新型は、過去を超えて未来を切り拓くことに価値を置く人生観
→ 常識や制度よりも、“それを超えていく精神”を尊ぶ
→ 自分の犠牲すらも新しい希望に変える、という神話のテーマと強く重なる","山梨県・清里高原
 高地で空が澄んでおり、おひつじ座が南東の空に見える
→ 小さめの星座だからこそ、星座アプリとセットで“自分で見つける楽しみ”がある",ほうとう、清里ソーセージ
オリオン座,"冬
→ 冬の夜空の王者。三ツ星とベテルギウス・リゲルで構成されるシンボリックな形
→ 星も明るく、形もわかりやすいため、初心者でも見つけやすい人気星座
→ 神話性・構造・明るさの三拍子そろった“主役級”の星座","ESTJ（幹部タイプ）
オリオン座は極めて目立ち、全体のバランスや構造も明瞭
冬の星空の中心とも言える存在で、他の星座の“基準”にもなる（星図上でも目印として機能）
ベテルギウス（赤）、リゲル（青白）の対比など、秩序と力の両方を象徴
→ESTJは、現実志向で論理的、組織や構造を重視するリーダータイプ
→ オリオン座の「明るさ」「構造性」「中心的な存在感」は、秩序の中で力強く前進するESTJにぴったり","英雄型
オリオンはギリシャ神話に登場する巨人の狩人
→ 海を歩いて渡れるほどの巨体を持ち、女神アルテミスとの恋、スコーピオ（さそり座）との死闘など、数々の英雄譚に関わる
→ 傲慢さから最期を迎えるが、ゼウスにより天に上げられた＝失敗も包み込んだ英雄の象徴
→ 英雄型は、強く、まっすぐで、使命を持って進もうとする人生観
→ 挫折や誤解を受けながらも、「正しいと思うことを信じ抜く」人の生き方
","長野県・阿智村
→ “日本一星が見える村”として有名。空気が澄んでいてオリオン座がくっきり
→ 冬の大三角（ベテルギウス、シリウス、プロキオン）と一緒に観測可能",鹿肉ジビエ・味噌仕立ての郷土料理
がか座,"南半球
→ 南の空低く、日本では沖縄など南西諸島でようやく観測できるレベル
→ 星の並びは非常に目立たず、明るい星が少ないマイナー星座
→ 元はラカーユによる人工的な分類で、画家のイーゼル（絵を描く台）を表す","INFP（仲介者）
がか座は、極めて目立たないが「芸術の道具」を象徴する星座
→ 他者にとってはただの暗い空でも、「そこに意味を見出せる人」にとっては価値がある
星自体の輝きよりも、「それが何を表しているか」が鍵になる星座
→ INFPは、内向的かつ理想主義的で、静かに創造性を燃やすタイプ
→ がか座の「誰にも気づかれないところで、想像を形にする」という本質と一致
→ 他人にはただの空でも、自分にとっては“想像力のキャンバス”──そんなINFPらしさが宿る","創造型
がか座に直接のギリシャ神話はないが、18世紀の科学者ラカーユが**「科学と芸術の融合」を目指して命名**
実用的な道具（イーゼル）を「星座」にしたという発想は、日常と宇宙の橋渡し＝創造の発露
他の星座と違い、「人や動物」ではなく**“道具そのもの”が星になるという異例の扱い**
→創造型は、何もないところに意味や形を見出す人生観
→ がか座のように、「ただの構造」に物語や意図を吹き込む感性と強くリンクします","沖縄県・南城市／知念岬周辺
→ 日本では数少ない南緯に近い星座が見られるポイント
→ がか座は低空にしか現れないため、海上にひらけた地形が重要
→ 沖縄の文化も「芸能・工芸・精神性」に富み、INFP × 創造型の人にぴったりの旅
",
カシオペア座,"秋
→ 明るい星が5つ並んだ「W」または「M」の形で有名
→ 北極星の反対側にあるため、北斗七星とともに空を回る
→ 一年中見えるが、秋に特によく見える","ENFJ（主人公タイプ）
カシオペア座は、非常に目立ちやすく、特徴的な「W字」で知られる
→ ただ目立つだけでなく、星同士が調和して並んでいる印象がある
「いつでもそこにいて、目印になる」ような安心感と華やかさを併せ持つ星座
→ ENFJは、情熱的で人を引っ張るカリスマ性と共感力を併せ持つリーダータイプ
→ カシオペア座の「目立つけれど、周囲との調和を大事にする」ような配置は、**ENFJの“導く力と調和の精神”**に重なる
→ 周極星座で「常に空にいる」点も、頼られる存在感とリンク","美意識型
カシオペアは、ギリシャ神話でエチオピア王妃として登場
→ 「自分と娘（アンドロメダ）は海の精霊より美しい」と誇ったことで、神々の怒りを買う
→ その誇りと虚栄心、美と罰の物語が有名
星座では、逆さづりにされるように夜空を回っている＝自らの美への執着が運命を変えた象徴
→美意識型は、“美しさ”や“自分らしさ”に強い価値を置く人生観
→ 誰かにどう思われるかではなく、自分がどう在りたいかが軸
→ カシオペアのように、「見た目」と「生き方」が深くつながるタイプ","青森県・十和田湖周辺
→ 空気が澄んだ高原地帯で、北の空にくっきりW型のカシオペア座が見える
→ 紅葉と湖のリフレクションが「星の鏡」となり、“自分の美意識を映す旅”に",ひっつみ・きりたんぽ鍋
かじき座,"南半球
→ 日本では沖縄など南西諸島でごくわずかに観測可能（地平線ギリギリ）
→ 明るい星は少ないが、肉眼で見える「大マゼラン雲（銀河）」が含まれる珍しい星座
→ 魚類のカジキ（高速で泳ぐ海のハンター）がモチーフ","ESTP（起業家タイプ）
星座そのものは控えめだが、スピードと狩猟を象徴する「カジキ」が由来
星座の領域に大マゼラン雲があり、突如として現れる「別世界」への入口でもある
→ このギャップと勢いは、大胆で行動力あるESTPと重なる
→ ESTPは、現実に強く反応し、即断即決で動ける行動派タイプ
→ かじき座の「速さ・水中の狙い・銀河との意外な関係性」は、直感と体験で勝負するESTPにぴったり
→ 静かな夜空の中で、一気に現れる非日常性もポイント","突破型
かじき座には神話がなく、16世紀に南天探査の航海士たちによって命名された人工星座
→ カジキ＝「勢いよく海を切り裂く」イメージが強い
→ 一般的な秩序や由緒を持たず、新しい価値を切り開いた存在
→ 突破型は、既存の枠組みに縛られず、新しい状況に自分の道をつくる人生観
→ 他者が見てない方向から突破し、“一瞬の閃き”に賭けられる人と共鳴","沖縄県・石垣島
→ 南の水平線ギリギリにかじき座と大マゼラン雲が見える場所
→ 海と空がつながる景色の中で、「夜のサーファー＝カジキの星座」に出会える",石垣牛・海ぶどう・刺身
かに座,"春
→ 黄道12星座のひとつで、春の夜空の中でも控えめな星座
→ 明るい星は少なく、**プレセペ星団（かにの甲羅にあたる部分）**が特徴的
→ 双眼鏡や望遠鏡で観ると美しいが、肉眼ではやや見つけにくい","ISFJ（擁護者タイプ）	
•	かに座は、黄道12星座で唯一、目立つ一等星を持たない星座
→ しかし中央にプレセペ星団（“かにの巣”とも）という温かく広がる星の集まりを抱えている
→ 外見は控えめでも、内側に豊かな世界を持っている
→ ISFJは、内向的で献身的、周囲を静かに支えるタイプ
→ かに座の「控えめな光」と「内なる包容力」は、他者を守ろうとするISFJの本質にぴったり
→ 一見見逃されやすいが、見る人には大切さが伝わる存在感

","守護型	
•	ギリシャ神話では、かに座は英雄ヘラクレスと戦って敗れた巨大なカニ
→ ヘラクレスと戦っていたヒドラを助けるため、女神ヘラに命じられ登場
→ 踏みつぶされたにもかかわらず、忠誠と献身を称えられて天に上げられた

→ 守護型は、自分を犠牲にしてでも、大切なものを守る人生観
→ 静かに、でも確かに信念を持って生きるスタイルは、かに座の神話と強く結びつきます","長野県・美ヶ原高原
→ 空気が澄み、かに座の中央にあるプレセペ星団が双眼鏡でくっきり見えるスポット
→ 人の少ない高原は、ISFJ × 守護型の人が心を静かに満たせる空間
",山菜・煮物・地味噌料理
かみのけ座,"春
→ おとめ座としし座の間、春の宵に天頂近くで輝くが、星座としては非常に控えめ
→ 明るい星はほとんどなく、星がふわっと散ったような“星の群れ”が特徴
→ 「かみのけ座星団（Melotte 111）」が肉眼でもぼんやりと見えるほど広がっている","INFJ（提唱者タイプ）	
•	かみのけ座は、構造的な形を持たず、無数の星が「散りばめられた光の雲」のように存在
→ その儚くも広がりのある様子は、表に出すことなく内に深い宇宙観を抱えるINFJに似ている
	•	星座としての“わかりにくさ”とは裏腹に、星団や銀河が多数集まる“宇宙の深淵”エリア
→ INFJは、直感と思索、理想と深みを兼ね備えたタイプ
→ 一見目立たなくても、“内側の宇宙”が広がる静かでスピリチュアルな存在
→ かみのけ座の「見えにくいが、奥行きが深い」構造と完全に一致","献身型	
•	かみのけ座は、エジプト王妃ベレニケ2世の「祈りと誓い」から生まれた星座
→ 戦から無事に帰るよう、彼女は自分の美しい髪を神に捧げ、やがてその髪が夜空に上げられた
→ 「愛する人のために、最も大切なものを捧げる」という純粋な献身の象徴

→献身型は、誰かや何かのために“見えない祈り”を行動に変える人生観
→ 神話のベレニケのように、「信念に基づく愛と捧げる力」をもつ人と強く重なる","福島県・浄土平
→ 空が開けており、光害も少なくかみのけ座星団がぼんやりと肉眼で見えるスポット
→ 春の夜に、静かな山中で星が“髪のように流れる”姿を観測できる",山菜料理、会津味噌仕立て
カメレオン座,"南半球
→ 南極星に近い南天の星座で、日本では観測できません（南半球専用）
→ 明るい星が少なく、地味ながらも星形成領域や暗黒星雲が豊富な深い領域
→ 天文学的には重要な「若い星のゆりかご」としても知られています","ISFP（冒険家タイプ）
カメレオン座は、目立たず、静かに“変化と適応”を繰り返す星座
→ 明るくはないが、環境（暗黒星雲）との関係性が非常に重要
→ 他と混ざり合いながらも、確かに“自分だけの存在”であることが特徴
→ ISFPは、感覚的・芸術的で、周囲に気を配りながらも自分らしさを大切にするタイプ
→ カメレオン座の「静かな適応性」「見えないところでの存在感」は、ISFPの“やわらかな芯”と重なる
→ 自分を派手に主張はしないが、“しなやかに貫く個性”を持つ","適応型
カメレオン座にはギリシャ神話はなく、16世紀に南天探査を行ったヨーロッパ人により命名された人工星座
→ モチーフのカメレオンは環境に合わせて姿を変える動物
→ 防御的な擬態だけでなく、観察力・変化力・柔軟性の象徴
→ 適応型は、固定された価値観にこだわらず、その場に応じて最善を見出す人生観
→ 「目立たないように見えて、環境に深く関与している」というカメレオン座の存在は、まさにこのスタイル
","オーストラリア・ウルル周辺
→ 南半球の大地で、カメレオン座や南天星座が空高く見えるベストシーズン
→ ウルルの大地の赤と夜空の漆黒が融合し、変化と調和を感じられる旅に",ブッシュタッカー料理
からす座,"春
→ おとめ座の南側、南の空の低い位置に見える小さな四角い星の並び
→ 星の数は少ないが、独特の形状で見つけやすく、古代から知られる星座
→ 日本では4〜5月の夜9〜10時ごろ、南東の空で観測しやすい","INTP（論理学者タイプ）
カラス座は、暗い星が多いながらも、“不自然に整った四辺形”で一目でわかる構造
→ 数は少ないが、知的な配置と印象的な形を持つ星座
→ 神話では「言葉を話すカラス」として登場＝「観察し、真実を運ぶもの」
➡️ INTPは、本質を探求し、論理と思索の世界で独自の見解を築くタイプ
→ カラス座の「無駄なく整理された形」「空から世界を見渡す視点」は、INTPの知性と孤高さを映す
→ 他と関わりすぎず、でも強い構造と視点を持つ“知の星座”","観察型
ギリシャ神話では、アポロンに仕えていた**“話すカラス”**が主人公
→ 真実を報告するも、怒りを買って星座にされる
→ 見たことをそのまま告げる冷静な存在＝「忖度しない観察者」
→ 他者の感情より、事実を重んじる象徴
→観察型は、自分の価値判断よりも、世界の成り立ちや事実そのものに関心があるタイプ
→ カラス座の神話は、「知の報告者」としての孤独と誇りを示す","高知県・四万十川流域
→ 南の空が広く開けており、低空に浮かぶカラス座の四角形を観測可能
→ 静かな川と星の反射が、内省と分析に最適な空間を演出",カツオや川魚、土佐ジロー
かんむり座,"夏
→ ヘルクレス座とへび座の間にあり、夜空に弧を描く「小さな王冠」型の星並び
→ 明るいα星「アルフェッカ」が中心で、6〜7個の星がきれいな半円を作っている
→ 日本全国で観測可能、街中でも見つけやすい形の美しい星座","ISFJ（擁護者タイプ）
かんむり座は、派手さはないけれど、バランスの取れた優雅な形で構成されている
→ 明るさも形も「目立ちすぎない美しさ」＝謙虚で誠実な印象
→ 神話では王女アリアドネの贈り物（冠）が星になったもの
→iSFJは、控えめながら人に尽くす思いやりをもち、信頼されるタイプ
→ かんむり座の「主張しない美しさ」と「贈り物としての由来」は、ISFJの優しさと重なる
→ 内面の強さと奉仕の精神が、静かな輝きに","献身型
→ギリシャ神話では、アリアドネがテセウスに迷宮の糸を与え、助けた後に捨てられた
→ のちに神ディオニュソスと結ばれ、彼から贈られた冠が天に上げられて星座になった
→ 自らが犠牲になりながらも、他者を助けた行為が星となる＝見返りを求めない“献身”
→ 献身型は、愛や信念のために行動し、それが評価されなくても満足できる人生観
→ かんむり座はまさに「人知れず尽くす者が得る静かな栄光」","岩手県・遠野市
→ かんむり座が北東の空に高く昇る時期、星がよく見える静かな里山の町
→ 民話と神話が重なる場所で、「星の神話の静かな美」を感じる旅に",ひっつみ汁・山菜天ぷら
きょしちょう座,"南半球
→ 南半球では天の南極近くでよく見えるが、日本では基本的に見えない
→ 一等星「ピーコック（Peacock）」を含み、尾羽のようにカーブした星の並びが特徴的
→ 「南天の美の象徴」として、多くの銀河や星団も存在","ENFP（広報運動家タイプ）
きょしちょう座は、見える人にしか見えない、でも見た人には忘れられない星座
→ 主星「ピーコック」は孔雀の羽根のように派手で魅惑的な輝きを放つ
→ 「派手だけど見えにくい」＝届いた人の心を一気につかむ情熱的な存在
→ENFPは、情熱的で直感に富み、人の心を動かすエネルギーを持つ人
→ きょしちょう座の「遠い空で自己表現をしている姿」は、“心を羽ばたかせるENFP”とリンク
→ すべての人に届かなくても、届いた相手の心に強く残る","表現型
きょしちょう座はギリシャ神話由来ではなく、16世紀の南天星図に登場した“新しい星座”
→ モチーフの孔雀は、美しさや自己表現、精神的な高貴さの象徴
→ 目立つ羽を広げる姿は、「見せることで何かを伝える」存在
→表現型は、感性・感情・思想を「外に出すことで意味を持たせる」人生観
→ 孔雀のように、自分の内側の輝きを、世界と分かち合いたいという想いを表す","ニュージーランド・テカポ湖
→ 世界屈指の星空保護区で、南天の星々やきょしちょう座が肉眼で見える絶景地
→ 湖と星の共演が、ENFPのロマンティックで直感的な感性に響く
",ラムやマヌカハニー料理
ぎょしゃ座,"冬
→ 冬の大三角の近くで、五角形の明るい星並びが特徴
→ α星「カペラ（Capella）」は冬空で6番目に明るい恒星
→ 北の空高くに昇り、日本全国で観測しやすい明るい星座","ESFJ（領事官タイプ）
ぎょしゃ座は、明るく見つけやすく、冬の星座の中でも特に親しみやすい構造
→ 中心の「カペラ」は、家庭の守護神的イメージを持つ恒星で、温かさと強さの両立を象徴
→ 星座の形は「盾」や「車輪」にもなぞらえられ、守る者としての象徴性が強い
→ ESFJは、他者への配慮・責任感・献身性をもつ「守りの人」
→ ぎょしゃ座の明るく力強い星と、誰かを守る星座の性格は、ESFJの思いやりと行動力と一致
→ 「光で安心させる存在」","保護型
ギリシャ神話では、ぎょしゃ座は馬車を発明した賢者エリクトニウス
→ 両足が不自由だったが、知恵と工夫で名馬を駆り、戦争や混乱を回避した守護的存在
→ 時には子どもや動物を抱える姿でも描かれる＝弱い存在を守る象徴
→保護型は、家族や仲間、社会を支え守ることに価値を感じる生き方
→ 自分が前に出るのではなく、「誰かを安心させる存在」であることに誇りを持つ","長野県・野辺山高原
→ 冬の澄んだ空気の中で、カペラを中心としたぎょしゃ座の五角形が天頂近くに輝く
→ 国立天文台野辺山や星空スポットが多く、家族連れや仲間との観測にも最適",信州おやき・煮込み料理
きりん座,"冬
→ 北極星近くの北天に広がる大きな星座
→ 明るい星はほとんどなく、星座線をたどるのが難しい“地味な星座”
→ でも星図では大きく、広大な宇宙の一部としてしっかり存在","INFJ（提唱者タイプ）
きりん座は、星が暗く目立たないが、とても大きな領域を占める
→ 「知られていないけれど、実は広くて深い」という隠れた存在感
→ 地味だけど、そのスケールに気づいた人には深く印象づく
→ INFJは、内に大きなビジョンや理想を秘めていながら、外には控えめで静かな印象を与えるタイプ
→ きりん座の「静けさとスケールのギャップ」は、INFJの内面の豊かさと一致
→ 「理解されにくいが、知るほどに深く魅了される星座」","内省型
きりん座は、17世紀に作られた比較的新しい星座で、ギリシャ神話とは無関係
→ 「きりん（Camelopardalis）」は“ヒョウ模様のラクダ”という意味で、架空のイメージが合成された動物
→ 物静かで不思議な象徴：外見と実態が一致しない＝“観察されにくい真実”
→内省型は、外にあまり語らず、内面で思考や信念を深めていくスタイル
→ 派手な神話も物語も持たずとも、“在ること”の意味を静かに問う人生観","北海道・名寄市
→ 冬の澄んだ夜空の中で、北の高い空に広がるきりん座が観測可能
→ 星空スポットや天文台も多く、静かに空を見上げられる時間がとれる",ジンギスカンや地場野菜
くじゃく座,"南半球
→ 日本では基本的に見えない南天星座（南緯30度付近以南で観測可）
→ α星「ピーコック（Peacock）」は、南天で目立つ明るい恒星（2等星）
→ 尾羽のような美しい星の並びで、孔雀そのものをイメージさせる","ENFJ（主人公タイプ）
くじゃく座は、暗い南天においてはっきりと目立つ星座
→ α星「ピーコック」は南天で高く輝き、周囲を導くような存在感
→ 星の並びも美しく整っており、堂々とした雰囲気
→ ENFJは、人々を導き、影響を与え、信念と情熱で社会を動かすカリスマ的存在
→ くじゃく座の「見た目の美しさと芯の強さ」は、ENFJの魅力と使命感に重なる
→ 魅了しつつ、ちゃんと支える・導く力もある星座","再生型
ギリシャ神話に孔雀は登場しないが、ローマ神話では女神ユノ（ヘラ）に仕える神聖な鳥
→ 「百の目で全てを見通す鳥」として、洞察と守護の象徴
→ 孔雀の羽は死と再生、永遠の生命のシンボルとしても扱われる
➡️ 再生型は、困難や喪失から立ち上がり、美しく進化する人生観
→ 外見の美しさよりも、「その奥にある魂の強さ」に価値を置く
→ くじゃく座はまさに“誇り高くよみがえる者”の象徴","チリ・アタカマ砂漠
→ 南天の星空が広がる世界トップクラスの観測地
→ 「ピーコック」やくじゃく座全体が圧倒的な存在感で夜空に浮かぶ",キヌア、リャマ肉、とうもろこし料理
くじら座,"秋
→ ペガスス座やうお座の近く、南の空低めに広がる大きな星座
→ 日本でも観測可能（南の空を広く見渡せる場所がベスト）
→ 恒星ミラ（Mira＝“不思議”の意）は変光星として有名で、「明るさが周期的に変わる神秘的な星」
","INTJ（建築家タイプ）
くじら座の主星ミラは明るくなったり暗くなったりを繰り返す変光星
→ 見えない期間も長く、一貫して観察しないと全体像がつかめない神秘的な存在
→ 星座全体も巨大で複雑な形をしており、一目では掴みきれない
→ INTJは、論理と構造を重視し、複雑な概念を計画的に構築する「静かな改革者」
→ くじら座の変化と奥深さ、そしてその見えにくさは、**INTJの“内なる構想力と長期的視野”**をよく表している
→ 「深く理解した者にしか、その真価はわからない」星座","変革型
ギリシャ神話では、くじら座はアンドロメダを襲おうとした海の怪物ケートス
→ 破壊的存在である一方、神々の計画を動かす重要な駒
→ 結果的にペルセウスの登場や英雄伝説を生む「きっかけ」になった存在
→ 変革型は、混乱や葛藤の中から新しい道を切り開いていく人生観
→ くじら座はまさに、不穏さをまといながらも物語を動かす“転換点の象徴”","鹿児島県・南さつま市
→ 南の空が開けており、くじら座が低空に大きく広がって見える
→ 変光星ミラの観察にも向いており、星の“変化”を肌で感じられる",黒豚料理
ケフェウス座,"秋
→ 北極星の近くに位置する北天の星座で、日本全国で観測可能
→ 明るい星は少ないが、五角形を逆さにしたような形で比較的見つけやすい
→ α星「アルデラミン」や、変光星「ガーネット・スター（μ Cephei）」が特徴的","ISTJ（管理者タイプ）
ケフェウス座は、あまり派手さのない北天の星座
→ 地味だがしっかりとした形を持ち、長時間夜空に現れる“安定した存在”
→ 恒星μケフェイ（ガーネット・スター）は非常に大きく、奥に秘めた力を象徴
→ ISTJは、真面目で責任感が強く、実直に物事を成し遂げる信頼の人
→ ケフェウス座の「控えめながら王としての落ち着き」は、ISTJの誠実さと重なる
→ 派手ではないが、土台としての強さがある星座","責任型
ケフェウスは、カシオペアの夫でアンドロメダの父
→ 妻の傲慢で神々の怒りを買い、娘を生贄に差し出すという重い決断を下す王
→ 王としての苦悩と義務を背負い、最終的に神々に許されて星座となった
→責任型は、自分の役割を果たすこと、誰かのために重責を担うことを選ぶ生き方
→ ケフェウスは「好かれる王」ではなく「耐える王」、まさに義務と誠実の象徴","青森県・十和田湖
→ 冬の澄んだ空で、北の空高くケフェウス座が見える観測地
→ 静けさの中で、長く夜空にとどまり続ける“王の星座”を堪能できる",せんべい汁、比内地鶏、山の幸
ケンタウルス座,"南半球
→ 日本では南の空がひらけた沖縄など一部地域でのみ低空に見える
→ α星「リギル・ケンタウルス（ケンタウルス座α星）」は地球に最も近い恒星系の1つ（プロキシマ・ケンタウリ含む）
→ β星「ハダル」と並んで南天で特に明るく目立つ二重星","ENTP（討論者タイプ）
α星とβ星が並び、南天でもっとも強烈なインパクトを放つペア星
→ 「遠く離れていても影響を与える存在」＝行動力と好奇心を兼ね備えたENTP
→ 南半球では全天の中でも最も存在感が強い星座のひとつで、そのスケールは圧倒的
→ ENTPは、自由な発想・知識欲・冒険心にあふれる創造的な挑戦者
→ ケンタウルス座の「野性×知性」「近くて遠い星」「天文学的存在感」は、ENTPの多面性とエネルギーにぴったり
→ 「ルールを再定義する者」","探究型
ケンタウルス座は、賢者ケイローンに由来
→ 通常のケンタウロス族は粗暴だが、ケイローンは音楽・医学・占星術に秀でた人格者
→ アキレスやヘラクレスなど英雄たちの師となる賢者として尊敬された存在
→ 不死でありながら毒を受け、自ら命を差し出すことで星座になった
→探究型は、知識・経験・真理を求めて動き続ける人生観
→ ケイローンのように、学びと行動を融合させ、他者にも影響を与える存在","オーストラリア・ウルル
 南半球の大地で、ケンタウルス座全体を肉眼で確認可能
→ α星・β星の光が、広大な空で“生き物のように”躍動",ブッシュフード
けんびきょう座,"南半球
→ 日本では沖縄など南緯に近い地域で、低空にかろうじて見える程度
→ 明るい星がなく、肉眼で形をつかむのはかなり難しい
→ 小さく控えめながら、名前どおり「観測・科学の象徴的星座」","INTP（論理学者タイプ）
とても目立たず、暗く、観測対象として地味な星座
→ ただし名前が象徴する通り、“見えないものを見る”という知的探究のメタファー
→ 星そのものより「何を象徴しているか」が重要
→ INTPは、物事の本質や原理を追究し、独自の視点で世界を分析する思索家
→ けんびきょう座は、実体より「意味」で存在する星座
→ 「目立たなくても、知性で宇宙を拡張する」その姿は、まさにINTPそのもの","本質追究型
けんびきょう座は、18世紀の天文学者ラカイユが設けた“科学器具シリーズ”のひとつ
→ 既存の神話ではなく、「人類の知の拡張」そのものを象徴
→ 天体を“ただ見る”のではなく、拡大し、分析し、理解する手段
→本質追究型は、表面や感情にとらわれず、構造や真理に迫ろうとする生き方
→ けんびきょう座は、「世界はまだ観えていない部分でできている」と教えてくれる星
","南アフリカ・ナマクワランド
→ 南天の低い星座までしっかり観測できるエリア
→ 季節の花畑と満天の星空が共存する静かな観測地",
こいぬ座,"冬
→ オリオン座の東、ふたご座の近くの南の空
→ α星「プロキオン（シリウス・ベテルギウスと共に“冬の大三角”を形成）」が非常に明るく、夜空で目を引く存在
→ 星の数は少なく、星座としての形はシンプルかつ控えめ","ISFJ（擁護者タイプ）
こいぬ座は、星の数は少ないがプロキオンの強い輝きで夜空にしっかり存在感を放つ
→ プロキオンは、シリウス（おおいぬ座）と対になるような存在
→ 星座の構成は非常にシンプルで、派手さはないが誠実でわかりやすい
→ISFJは、控えめながら忠実で、他者のために尽くす献身的なタイプ
→ 小さくても必要とされる場所に光を届けるこいぬ座は、ISFJの穏やかな優しさと忠義を象徴
→ “目立たないところで人を支える光”
","奉仕型
ギリシャ神話では、こいぬ座はおおいぬ座と共に猟師オリオンに仕えた忠実な猟犬
→ 戦うオリオンの傍で常に寄り添い、従者として星となった存在
→ 自分が主役にならずとも、大切な誰かのために生きる姿勢
→ 奉仕型は、支えることに価値を見出す人生観
→ 華やかさよりも「誰かを守る・支える」ことにこそ意味があると感じる人に合う","長野県・阿智村
→ 冬の澄んだ星空で、プロキオンを含む冬の大三角がくっきり見える
→ 星空観光地として有名で、ISFJタイプが好む“静かで安心できる空間”",おやき、信州そば
こうま座,"秋
→ ペガスス座のすぐ隣に位置する北天の小さな星座
→ 星の数が少なく非常に目立ちにくいが、ギリシャ神話に由来する“最も小さい”星座のひとつ
→ 「小馬」という名前が表すように、希望・始まり・可能性の象徴","INFP（仲介者タイプ）
星座全体が非常に控えめで目立たず、発見されにくい
→ ただし、「ペガスス（大馬）」の隣に寄り添うように存在し、神話性とロマンを持つ
→ 現実より象徴性や意味を感じさせる構造
→INFPは、理想や価値観を内に秘め、静かに自分の世界を守る夢想的タイプ
→ こうま座の「小さくても意味深く、そっと寄り添うような存在感」は、INFPの繊細で詩的な本質と一致
→ 「まだ目立たないけど、確かにここにいる光」","理想追求型
ギリシャ神話では、こうま座は**馬を最初に創造した神・ポセイドンにまつわる“子馬”**とされる
→ 一説ではペガススの兄弟・コイルスとも
→ 「大きな力の影にいながら、独自の価値を持った存在」
→ 未完成・未熟であること＝未来への可能性
→理想追求型は、今はまだ未完成でも、信じる理想に向かって歩き続ける人生観
→ 小さくても誇りをもって夢を見続ける──まさに、こうま座の精神","福島県・星の村天文台
→ 空気が澄んだ秋の夜、こうま座が北東の空にひっそりと姿を見せる
→ INFPが好む「静かで詩的な空間」にぴったり",こづゆ、しんごろう
こぎつね座,"夏
→ はくちょう座とこと座の間、天の川の中にひっそりと存在
→ 明るい星は少ないが、“あの有名な星雲”が宿っていることで知られる
→ 有名な天体：**あれい状星雲（M27＝ダンベル星雲）**が位置し、天体観測マニアには人気","INTP（論理学者タイプ）
こぎつね座は、星自体は目立たず、星座線も簡素
→ だがその中に「ダンベル星雲」という宇宙的にも貴重な天体が隠れている
→ 表層では見逃されやすいが、本質的な価値を秘める星座
→ INTPは、目立たなくても奥に深い論理と独自の世界観を持つ思索家
→ こぎつね座の「控えめな姿×中身は超知的」な存在感は、まさにINTPの星","洞察型
17世紀にポーランドの天文学者ヘヴェリウスが創設
→ 当初は「ガチョウをくわえたキツネ座」だったが、後に知恵と機転の象徴として“こぎつね座”に
→ こぎつね＝表向きは愛らしく、内には鋭い知性と観察眼を持つ存在
→ 洞察型は、人や物事の本質を冷静に見抜き、深く理解しようとする人生観
→ 表面的でなく、静かに「意味」を読み取る──それがこぎつね座
","岩手県・種山高原
→ 光害が少なく、天の川がはっきり見える穴場の観測スポット
→ ダンベル星雲も天体望遠鏡で観測可能
→ INTPタイプが落ち着ける静寂と開放感を兼ね備えた知的な環境",だし茶漬け、旬の焼き魚定食
こぐま座,"春（一年中）
→ 北極星（ポラリス）を含む星座で、日本全国どこでも一年中見える
→ 北の空で静かに回り続け、方角を示し続ける「夜空の羅針盤」","ISFJ（擁護者タイプ）
こぐま座は、**最も安定した「北の星」ポラリス（北極星）**を含む星座
→ 常に同じ場所にあり、旅人や古代の人々を導いてきた信頼の星
→ その形も親しみやすく、小さくても確かな存在感を持つ
→ISFJは、誠実・実直で、他人の役に立つことに生きがいを感じる守護者タイプ
→ 目立たずとも、常にそこにいて支える・見守る星座＝こぐま座
→ まさに「静かなる道しるべ」","支え型
北極星を含むこぐま座は、ギリシャ神話でゼウスに守られた母カリストとその子・アルカスの物語
→ 母子の愛と保護がテーマ。
→ 天にあげられたこぐま座は、永遠に親のそばを回り続ける存在
→支え型の人生観は、自分が中心に立たず、誰かのために寄り添い、見守る生き方
→ 自らが「道」になることで、他人の進むべき道を照らす","北海道・美瑛町
→ 空気が澄んだ冬の北海道は、北極星を中心とした回転運動を実感できる絶好の場所
→ 雪に覆われた大地と満天の星が静かな見守りを感じさせる環境
→ 温泉・静けさ・癒しすべてがそろうISFJの理想郷",じゃがバター、シチュー、ミルクソフト
こじし座,"春
→ しし座とやまねこ座の間に位置する北天の星座
→ 星の数は少なく目立たないが、「しし座の弟分」としての気高さと勇気を秘めた存在
→ 派手さはなくとも、“名もなき王子”のような魅力","INFJ（提唱者タイプ）
こじし座は暗く小さく、星座の中でもあまり目立たない
→ だが、「しし座」のそばにあることで品格や理想、誠実さを象徴する存在として見られることも
→ 隠れた志、理想の高さ、芯の強さを感じさせる
→ INFJは、静かでありながら高い理想を持ち、内なるビジョンで人を導くタイプ
→ こじし座の「静かな高貴さ」は、INFJが持つ内なる情熱と調和する","理想主義型
こじし座には明確な神話はないが、「小さなライオン＝若き王子」として描かれることが多い
→ ライオンは王者の象徴。たとえ小さくとも、理想・勇気・誇りを持って成長しようとする存在
→ 理想主義型の人生観は、現実の中で理想を手放さず、自らの信念で道を切り開こうとする生き方
→ 大きくなくても、自分の中に確かな“志”がある──それがこじし座の物語","長野県・小川村
→ “日本で最も美しい村”に選ばれた静かな里山で、春の星空が澄んで美しい
→ 夜は満天の星空とともに、山あいにこじんまりと浮かぶ小さな星座たちがよく見える
→ INFJタイプが好む“自然と調和した静謐な空間”にぴったり
",山菜の天ぷら、手打ちそば、くるみおはぎ
コップ座,"春
→ 南の空、うみへび座の背中に載っているように見える星座
→ 明るい星は少ないが、名前がそのまま「杯」であるように、シンボリックで優雅な星座
→ 古代から叡智・神聖な器・感情の象徴として語られてきた","ISFP（冒険家タイプ）
コップ座は控えめな光の小さな星座ながら、シンボル的な意味が非常に強い
→ 古代ローマやギリシャでは、神々の酒器＝神聖な道具として伝えられる
→ 見た目は目立たないが、「器としての美・内面の感性」が際立つ存在
→ ISFPは、内向的な感性派で、静かに美や意味を感じとるタイプ
→ コップ座の「表には出ないけど内側に価値を満たす」姿は、ISFPの“感じて生きる”精神にぴったり","受容型（器タイプ）
ギリシャ神話では、神アポロンに仕えるカラスが水を運ぶための杯として登場
→ しかし嘘をついたカラスと共に天に上げられた
→ コップは「真実を受け取る器、感情や知恵の象徴」として神話に登場
→受容型は、多くを語らずとも、他者や世界を受け入れ、静かに満たす生き方
→ 自分の中に感情・芸術・人の声を受け止める“心の器”を持つ人に","熊本県・南小国町
→ 山々に囲まれた静かな温泉地。夜は街灯が少なく、南の空が開けており、春のコップ座も観測可能
→ 美しい自然とぬるめの湯、心地よい“器”のような環境でISFPがリラックスできる場所",季節の創作和スイーツ、温泉豆腐、地鶏の陶板焼き
こと座,"夏
→ 夏の大三角の一角「ベガ（織姫星）」を含む小さな星座
→ 明るく、短冊のようにコンパクトな形
→ 古代ギリシャでは音楽と芸術の象徴、琴＝リラ（Lyra）が天に上げられたもの","ENFP（広報運動家タイプ）
こと座は、目立つ星ベガを擁し、夏の夜空の主役級の輝き
→ しかし形は小さく可愛らしい。創造性とエネルギーを感じさせる構成
→ ベガ＝織姫としても知られ、愛・感性・表現を象徴する存在
→ ENFPは、創造力と好奇心にあふれ、他人と感情的につながる力を持つ自由人
→ こと座の「自由で感性豊かな光」は、ENFPの明るさと感情の豊かさにぴったり
","表現型
ギリシャ神話では、こと座は音楽の神オルフェウスの竪琴が天に上がった姿
→ オルフェウスはその音楽で死者の心まで動かしたとされる
→ 「感情を音にのせ、世界を変える力」を持った芸術の象徴
→表現型の人生観は、言葉や音、創造で自分を伝え、世界とつながることを大切にする
→ こと座は、感情を美に昇華する星","長野県・野辺山高原
→ 標高1300m以上の高原地帯で、夏でも空気が澄み、天の川＆こと座がよく見える
→ 「ベガ」が輝く夜空と、静けさの中に感情が響く環境
→ ENFPの心がワクワクする、自然と感性にあふれる場所",信州夏野菜のキッシュ、ブルーベリータルト、ハーブティー
コンパス座,"南半球
夏（6月〜8月）ごろが南の低い空に見える（日本では沖縄など南西諸島がベスト）
→ 南半球では比較的見つけやすいが、日本本土では非常に見えにくいレア星座
→ 星座名の「Circinus」は**製図用コンパス（＝円を描く道具）**に由来","INTJ（建築家タイプ）
コンパス座は非常に目立たないが、“方向を示す道具”として象徴的
→ 実際の星の明るさではなく、その象徴性や目的性が本質
「円を描く道具＝精密さ・未来設計・知的操作性」など、計画的で戦略的な性格と合致
→ INTJは、静かに戦略を立て、未来の理想像へ論理的に向かう設計者タイプ
→ コンパス座の「目立たなくても、確実に“道”を描く姿勢」がぴったり","設計型
コンパスは、円・角度・正確な構造を描く道具であり、設計・科学・航海の必須アイテム
神話はないが、象徴として「ブレない軸・未来の精密な計画」を表す星座
→設計型の人生観は、人生を直感ではなく“構築”として捉え、自分なりの理想図に近づこうとする生き方
→ コンパス座＝「混沌の空に軌道を描く者」","沖縄県・与那国島
→ 日本最南西端の島で、本土では見られない南の星座（コンパス座含む）を観測可能
→ 夜は水平線近くまで星が見えるロケーション
→ INTJが好む「限界地点」「自分の地図を広げたくなる場所」",与那国そば、海ぶどう、黒糖アイス
さいだん座,"南半球
→ 南天の星座で、日本本土からはほぼ見えず、沖縄・小笠原諸島などが観測可能圏
→ 名前の「Ara」はラテン語で**「祭壇」＝神に捧げる場所**
→ 南の空で逆さまになって見えるため、「神への捧げものが昇っていく姿」とも","ISTJ（管理者タイプ）
さいだん座は目立たないが、**古代の星図においては重要な“神聖な星座”**として扱われていた
自ら主張せず、神や秩序に仕える星という位置づけ
南天の果てで「静かに祈りを捧げる」、沈着冷静で忠実な精神
→ ISTJは、責任感が強く、秩序やルールを大切にする「誠実で頼れる現実派」
→ さいだん座の「目立たず、でも大切な役割を担う」姿はISTJそのもの","奉仕型
ギリシャ神話では、さいだん座は神々がタイタン族との戦争に勝つために祈りを捧げた祭壇
→ 戦いの前に「誓いと祈り」が捧げられた場所＝誠実な行為の象徴
→ 神に仕える、何かのために尽くす＝奉仕の精神
→ 奉仕型は、自分の目的よりも“役に立つこと・支えること”に価値を感じる生き方
→ さいだん座は「裏方でも、絶対に欠かせない存在」","沖縄県・南城市
→ 沖縄本島南部で、南の水平線が大きく開けており、本土では見えにくい南天の星座が観測可能
→ 世界遺産「斎場御嶽（せーふぁうたき）」など、古代の祈りの場が今も残る“神聖な地”",沖縄風炊き込みご飯（じゅーしー）、もずくスープ、サーターアンダギー
さそり座,"夏
→ 南の空に大きく横たわるように輝き、特徴的な「S字型の尾」が印象的な星座
→ 赤く輝く一等星「アンタレス」を中心に、強烈な存在感
→ 夏の夜空の“情熱の象徴”と呼ばれることも","ENTJ（指揮官タイプ）
さそり座は非常に明るく、かつ広範囲に広がる派手な星座
→ 中心のアンタレスは「火星に対抗する者」の意。赤く燃えるような光は闘志・リーダー性の象徴
神話でも「オリオンを倒した存在」として語られ、正義感と力強さが際立つ
→ENTJは、大胆でカリスマ性があり、目的のために突き進むリーダータイプ
→ さそり座のように「強さと炎を秘めた者」にぴったりのMBTI","信念追求型
ギリシャ神話では、オリオンが「すべての獣を狩る」と言った傲慢に怒った女神が、サソリを遣わし命を奪った
→ サソリは、「正義のために命を懸ける存在」として星になった
復讐や正義の象徴として描かれ、強い意志と動機で動くタイプ
→信念追求型の人生観は、妥協せず、自分が正しいと思うもののために生きる生き方
→ さそり座は「感情と信念で動く、魂の戦士の星」","宮崎県・高千穂峡
→ 天の岩戸神話の舞台でもあり、神秘的な雰囲気と自然の雄大さが融合
→ 南側の空が広く開けており、アンタレスを中心に美しいさそり座を観測可能
→ ENTJが好む「強さ」「歴史」「使命感」に包まれるロケーション",チキン南蛮、冷や汁、日向夏ゼリー
さんかく座,"秋
→ ペガスス座の下、アンドロメダ座のそばに位置する小さくてシンプルな星座
→ 明るい星はないが、ほぼ正三角形を成す形が印象的
→ 古代では「シチリアの三角地形」「三位一体」「知の象徴」などさまざまに解釈されてきた","ISTP（巨匠タイプ）
さんかく座は小さく目立たないが、幾何学的に美しく整理された星の並び
見た目は控えめながら「精密さ」「無駄のなさ」が特徴
暗い空の中で**見つけられると嬉しい“小さな完成形”**のような存在
→ ISTPは、寡黙で観察力に優れ、効率的に物事を組み立てる実践家タイプ
→ さんかく座の「小さく静かに整う構造」は、ISTPの几帳面さとクールな職人気質にぴったり","探究型（思考構造重視）
神話自体は明確でないが、古代ギリシャでは「三角」は知識・調和・自然の法則を表す神聖な形
→ 学問・建築・哲学などの土台となる象徴
→ さんかく座は「静かに世界の“構造”を見つめる者」の星
→ 探究型は、物事の奥にある仕組みや真理を追求する生き方
→ シンプルな形の中に、深い意味や原理を見出す人にぴったり","鳥取県・大山（だいせん）周辺
→ 冬の星空観測スポットとして有名。都市の光が少なく、さんかく座のような小さな星座も見つけやすい
→ 登山・アウトドアと相性が良く、ISTPの「自然の中で自分のペースで楽しむ」旅に最適",鳥取牛のステーキ丼、砂丘らっきょう、梨ゼリー
じょうざ座,"南半球
→ 日本本土からはほとんど見えず、沖縄・奄美・小笠原諸島など南の地域で観測可能
→ 星の並びは控えめだが、**“正しさ・測定・バランス”の象徴である「定規」**に由来する","ISTJ（管理者タイプ）
目立たないけれど、正確さ・秩序・構造を象徴する「定規」という星座名
18世紀の科学的分類の中で名づけられたため、感情よりも機能性重視の星座
真面目で控えめ、でも“正しいことを積み重ねる”印象
→ISTJは、誠実で几帳面、秩序と責任感を大切にするタイプ
→ じょうぎ座のように、目立たないけど全体を支える「整った精神」を持つ人","均衡追求型
「定規」は、古代〜現代にかけて正しさ・平衡・倫理・知の象徴とされてきた道具
神話はないが、正義・真理・バランスを保つ姿勢は、まさに均衡追求型の人生観と一致
→ 均衡追求型は、人生において「過不足ない状態」や「公平・誠実」を追い求める生き方","沖縄県・西表島
 南天の星がしっかり見える、日本の最南西に近い大自然の島
→ 人が少なく静かで、ISTJのような**“穏やかで秩序ある空間”**を楽しめる
→ 「人間と自然の調和」という、じょうぎ座の“バランス”の象徴にふさわしい地",イノブタ丼、ゴーヤーと島豆腐の和え物、黒糖プリン
たて座,"夏
→ はくちょう座とわし座の間にある小さくて細長い星座
→ 明るい星は少ないが、「まっすぐ飛ぶ矢」の形が特徴的
→ 神話では「神々が使った矢」として登場し、目立たずとも強い意志の象徴","INTJ（建築家タイプ）
たて座は非常に小さく目立たないが、「矢」の形状で強い方向性・意図を示す
冷静かつ的確に配置された星々は、無駄なく理知的な印象
見つけづらいが、分かると「おっ」となるような**“知る人ぞ知るスマートさ”**
→ INTJは、目立たずとも戦略的で意志が強く、未来を設計する思索家タイプ
→ たて座の「小さな矢が空を貫く姿」は、INTJの集中力と明確なビジョンに通じる","目標志向型
ギリシャ神話では、たて座は神アポロンがケンタウロス族に放った矢とも、英雄ヘラクレスの矢ともされる
→ 共通点は、「何かを貫くために放たれた」という強い目的意識
→ たて座＝「ブレない意志」「的を射抜く力」
→ 目標志向型は、ぶれない意志を持ち、目標に向かって一直線に進む人生観
→ まさに“矢”そのものの生き方","長野県・阿智村
→ 「日本一星が見える村」として有名
→ たて座のような暗く小さな星座も観察できる抜群の暗さと透明度
→ 静かな山あいで、INTJにぴったりの集中と内省の旅",信州そば、山賊焼き、くるみおはぎ」
ちょうこくぐ座,"冬
→ エリダヌス座の南側にある、とても小さく暗い星座
→ 星の並びも目立たないが、名前の「Caelum」は彫刻家が使う“のみ”や“彫刻刀”を意味する
→ 18世紀に設けられた「科学・芸術を象徴する近代星座」のひとつ","ISFP（冒険家タイプ）
ちょうこくぐ座は非常に控えめな星座で、肉眼では見えにくいほど小さく静か
しかし、その象徴は「彫刻の道具」＝繊細で感性を活かすクリエイティブな存在
派手さよりも“内なる表現”を大切にし、自分の世界をコツコツと形にしていくタイプ
→ ISFPは、感受性豊かで、目立たずとも独自の美学を持つ芸術家肌の性格
→ ちょうこくぐ座は、まさに**“静かな創造力”**を象徴する星座","創造型
神話は存在しないが、名前の「Caelum」はラテン語で“天”と“彫刻刀”の両義性
→ 「天に向けて創造する」「宇宙に刻む創作」などの象徴解釈ができる
芸術・手仕事・自己表現を尊ぶ、まさに“創ることで生きる”人生観
→ 創造型は、何かを生み出すことに喜びを見出し、それを通じて自己を表すタイプ","岡山県・美星町
→ 「美しい星の町」として全国的に有名。人工光の少ない丘陵地で、暗い星座もじっくり観察できる
→ 芸術文化も盛んで、ガラス・陶芸体験や彫刻の森公園など“創作”と縁が深い土地",黄ニラのたまご焼き、ままかり寿司、吉備団子パフェ
ちょうこくしつ座,"秋
→ みなみのうお座の近く、日本では沖縄など南の地域で条件が良ければ見える
→ 明るい星がほとんどなく、星座の形もとても地味
→ 18世紀、天文学者ラカイユが「芸術と科学への敬意」として命名
→ 名前の意味はそのまま**「彫刻家のアトリエ」**","INFP（仲介者タイプ）
ちょうこくしつ座は、暗く静かで目立たない星座
しかしその名が表すのは「創造の場」「表現の胎動」「芸術が生まれる場所」
“完成品”ではなく、創作の過程や理想が重視されている星座
→ INFPは、理想と信念を内に秘め、自分の世界を育てるタイプ
→ 他人から見えにくくても、豊かな内面を持ち、それを表現しようとする姿勢は、まさにこの星座の本質","内面深化型
ちょうこくしつ座には神話はなく、“目には見えない創造の源泉”＝アトリエそのものが主題
完成された作品よりも、そこに至る静かな営みや個人の表現を重んじる
→ つまり、「内面を掘り下げ、自分だけの意味を生む空間」が星座化された
→内面深化型は、外より内に意識を向け、自分なりの答えを探し続ける人生観
→ ちょうこくしつ座の「表に出ないけれど価値ある空間」と完全一致","鹿児島県・与論島
→ 南の空がよく見える＆観光地化しすぎていない静かな島
→ 美しい夜空と静寂の中で、INFPにぴったりな“自分と向き合える場所”
→ アートイベントや手作り体験もあり、「彫刻の作業場」としての星座テーマとも相性◎",島野菜のスープ、もずくそば、黒糖と塩のプリン
つる座,"秋
→ みなみのうお座の近く、日本では沖縄や南西諸島などで見やすい
→ 星の並びは美しく、翼を広げた鶴の姿に例えられる
→ 星座名はラテン語の「Grus＝鶴」に由来し、優雅さ・長寿・神秘性の象徴","INFJ（提唱者タイプ）
つる座は目立ちすぎず、しかし美しい配置と静かな存在感を持つ星座
羽ばたくような広がり方は、理想に向かって静かに進む意志を感じさせる
鶴は多くの文化で「調和・癒し・再生」のシンボルでもあり、深い洞察力と理想を内に秘めたタイプと重なる
→INFJは、静かに信念を貫き、人を癒し導く理想主義者タイプ
→ つる座の「優雅さと芯の強さ」が、まさにINFJらしい","精神探求型
つるは東西問わず、“霊性・再生・高貴な精神”の象徴
→ 日本でも鶴は「千年生きる」とされ、命・魂・祈りに関わる存在
星座自体に神話はないが、**“精神性の高さを象徴する鳥”**という共通文化的価値がある
→ 精神探求型は、表面的なことよりも、人生の意味や人の心の深層に興味を持つタイプ
→ 空高く舞い、世界を見渡すつる座と重なる","沖縄県・久米島
→ 南の空がよく開けていて、つる座の優雅な翼が観測しやすい
→ 島全体に静けさと癒しの雰囲気が漂い、INFJにとって心を整える旅に最適
→ 精神性の象徴である「久米島の五枝の松」や「ミーフガー」なども◎",くーぶいりちー（昆布と豚の煮物）、にんじんしりしり、黒糖ぜんざい
テーブルさん座,"南半球
→ 日本ではほとんど見えず、南半球（オーストラリア・南アフリカなど）で観測可能
→ 星の並びは控えめだが、**南天の名峰「テーブルマウンテン」**にちなむ
→ 天文学者ラカイユが、その山で星を観測した経験から命名
→ 観測の象徴であり、知・探求・自然との対話を思わせる星座","INTP（論理学者タイプ）
派手さはなく、観測の“台”という謙虚な存在
しかし命名の背景には、**地球と宇宙の間をつなぐ“知”の橋渡し”**というロマンがある
見つけづらい星座だが、深く調べると知的で静かな魅力がある
→ INTPは、知識と論理を愛し、現象の裏にある構造を探る知的探求者
→ テーブルさん座は、「観測の土台」として**“宇宙の真理を支える者”**にぴったり","探究型
テーブルマウンテンは、天文学・地理・自然観察の場として使われてきた山
→ ラカイユがこの山で観測を行ったように、“知の足場をつくること”を人生の価値とする星座
自分の目で確かめ、世界の構造を理解しようとする姿勢は、まさに探究型の象徴","南アフリカ・ケープタウン
→ テーブルマウンテンのふもと。星座名の由来の地！
→ 南天の夜空がくっきり見える＋星空観測ツアーも充実
→ 大自然と都市の調和があり、INTPがリフレッシュと知的好奇心を同時に満たせる場所",ボボティ（南アフリカ風ミートローフ）、マラバプディング、ルイボスティー
てんびん座,"夏
→ さそり座とおとめ座の間に位置し、比較的見つけやすい星座
→ 明るい星「ズベン・エル・ゲヌビ」や「ズベン・エス・シャマリ」が“はかり”の両端を表す
→ 天秤＝バランス、公正、対等性の象徴","ENFJ（主人公タイプ）
てんびん座は、「他とのバランス」「公平性」を象徴する数少ない**“無機物”の星座**
星の配置も左右対称に近く、調和と秩序を重視する雰囲気がある
ENFJは、他人との調和を大切にし、人を導くリーダータイプ
→ 公正さと気配りの星であるてんびん座と重なる","調和型
てんびん座は、女神アストライアが持っていた**“正義の天秤”**が星になったとされる
→ アストライアは人間の善悪を量る存在で、誠実・秩序・平和を大切にした
「人と人とのバランスを保つ」「物事を整える」ことに価値を置く星座
→ 調和型は、対人関係・社会・自然の中で、バランスを保ちながら生きる人生観
→ てんびん座の神話と象徴そのもの","栃木県・日光
→ 「自然・歴史・精神性」が見事にバランスされた土地
→ 紅葉シーズンは特に美しく、色彩と空気の調和が味わえる
→ 東照宮の「陽明門」や華厳の滝など、“整った美しさ”を堪能できる場所",ゆば料理、湯波そば、塩羊羹
トカゲ座,"秋
→ はくちょう座とアンドロメダ座の間に位置するが、非常に暗く、目立たない星座
→ 17世紀にポーランドの天文学者ヘヴェリウスによって命名
→ トカゲ＝変化・再生・俊敏さ・観察力の象徴","ISTP（巨匠タイプ）
トカゲ座は小さく控えめだが、観察力が必要な星座（目立たないが形は特徴的）
トカゲという動物自体、周囲に溶け込みながら鋭い判断力と反射神経を持つ
ISTPは、物事を静かに観察し、必要なときに瞬発的に行動できる人
→ トカゲ座の「ひそやかな強さ」と一致","柔軟対応型
トカゲは状況に応じて姿勢や動きを変え、生き延びる知恵を持つ動物
→ 星座としての神話はないが、象徴的に「変化・適応・環境読み取り」に富む
無駄な争いや強調を避けて、“環境に合わせて最善を尽くす”生き方
→柔軟対応型は、固定観念に縛られず、周囲の変化を受け入れて動けるタイプ","長野県・阿智村
→ 日本有数の“星が最も輝いて見える場所”として知られ、暗い星座でも観察しやすい
→ 観察型・静かな知性を持つISTPにとって、自然と自分に集中できる場所
→ 秋の紅葉や夜の星空、温泉との組み合わせも抜群◎",信州そば、五平餅、くるみおはぎ
とけい座,"南半球
→ 日本では南の空が開けた地域（沖縄など）で一部観測可、本格的には南半球向き
→ 天文学者ラカイユが命名した「科学機器シリーズ」の一つで、振り子時計をモチーフにした星座
→ 明るい星は少なく、控えめだが“時間・秩序・観測”という哲学的な意味を持つ","INTJ（建築家タイプ）
とけい座は派手ではないが、“時間”という見えない秩序の象徴
時計＝論理・計画・未来志向・仕組みへの敬意
→ 目立たなくても、全体を整える“構造”の象徴
INTJは、未来を見据え、論理的に世界を設計する頭脳派タイプ
→とけい座は、「宇宙の時間を見つめる者」＝戦略家タイプのINTJにぴったり","構築型（システム志向）とけい座は、天体観測に使われる“精密な時間の道具”
→ 宇宙を理解するために、観測と理論を支える「時間の基盤」
神話はないが、科学的・構造的価値を表す星座
→構築型は、混沌の中に秩序を見出し、自分の設計で世界を理解したいタイプ
→ とけい座はまさに、「知的な土台をつくる」星","オーストラリア・タスマニア島
→ 南緯が高く、とけい座をしっかり観測できる数少ない場所
→ 自然が美しく、人工と自然、秩序と混沌がバランスされた場所
→ INTJがひっそり思索するのにぴったりの静けさと宇宙観測スポットあり",サーモンのスモークグリル、タスマニア産チーズプレート、マヌカハニーティー
とびうお座,"南半球
→ 日本からは見えにくく、南半球向きの星座
→ 17世紀に天文学者ラカイユが命名。「空を飛ぶ魚」を意味する新しい星座
→ 実在のトビウオにちなみ、“制限を超える存在”“空と海を行き来する象徴”","ENFP（広報運動家タイプ）
とびうお座は控えめな星座だが、海と空を“飛び越える”という発想力の象徴
常識の枠を超え、ひらめきと冒険心で動く姿は、ENFPの奔放さと行動力に重なる
→ 一見地味でも、「飛ぶ魚」という驚きの存在感がある
→ ENFPは、好奇心旺盛で、創造的に世界を広げるタイプ
→ とびうお座は、「境界を越えるエネルギー」にぴったり","自由飛躍型
海に生きながら空を飛ぶという、とびうおの姿は、**「環境に縛られない生き方」**そのもの
星座自体に古典神話はないが、新時代の象徴＝自由・越境・冒険心といった価値を持つ
→自由飛躍型は、どこにもとどまらず、自分の感じた道を飛び回る人生観
→ とびうお座の星の意味そのもの！","ニュージーランド・スチュアート島
→ 南緯にあり、とびうお座がよく見える
→ 海に囲まれた静かな島で、空と海が溶け合う絶景スポット多数
→ ENFPにとって、自由に思考と行動が飛び跳ねるような旅になること間違いなし！",フィッシュパイ、グリーンマッスルの蒸し焼き、レモンタルト
とも座,"南半球
→ 南の低空に現れ、日本では本州南部〜沖縄など南の地域で見えやすい
→ かつての「アルゴ座」（ギリシャ神話の巨大な船）の一部。現在は「とも座」「ほ座」「りゅうこつ座」に分割
→ 船の「船尾」にあたり、旅の終わりと先導者の支えを象徴する星座","ISFJ（擁護者タイプ）
派手な一等星はないが、天の川の中にしっかり存在感をもつ穏やかな星座
かつての大船「アルゴ号」の一部であり、後方から支え、航路を見守る存在
ISFJは、慎み深く、誠実に周囲を支える“縁の下の力持ち”タイプ
→とも座は「背後から旅を支える存在」として、静かに全体を守るISFJにぴったり","支援型
アルゴ号は、英雄イアソンとアルゴノーツ（勇者たち）の冒険船。とも座はその船の後部
→ 前に出ることなく、旅の安定を保ち、航海を支える
→ 船が目的を果たすには、静かな構造的支えが不可欠
→支援型は、他者の成功や安全のために力を尽くす人生観
→ とも座は、「光ではなく背中で導く力」の象徴","鹿児島県・奄美大島
→ 南の空がよく開け、とも座の観測に適した場所
→ 自然が豊かで落ち着いた空気感があり、穏やかで心のやさしいISFJに最適
→ 夜の浜辺で船のことを思いながら星を眺められるロマンある旅に◎",鶏飯（けいはん）、島豆腐の冷や奴、黒糖プリン
ハエ座,"南半球
→ 南天の星座で、日本からの観測は困難（南半球向き）
→ 16世紀末、航海時代の天文学者たちが「南天の新星座群」として設定
→ ハエ＝小さくも機敏で、注意深い存在の象徴","ISTJ（管理者タイプ）
ハエ座はとても小さく目立たない星座だが、幾何学的に整った形をしていて
　→ 天文学的には「規則的で観測しやすい構成」とされている
「小さな存在にもきちんと役割がある」という発想
→ ISTJは、実直で几帳面、組織や秩序を重んじる“縁の下の整備士”タイプ
→ハエ座は、「小さくても整然と世界を支える存在」＝ISTJにぴったり","実務堅実型
ハエは自然界でとても重要な存在（受粉、分解など）であり、地味だけど必要不可欠
→ その象徴を星座として称えたこと自体、**「実務の尊さ」**を体現
神話ではなく自然観測由来の星座だからこそ、**「役割に忠実な生き方」**を示している
→実務堅実型は、派手さより信頼性と責任を大事にする人生観","オーストラリア・クーナバラブラン
→ ハエ座がしっかり観測できる南半球の星空保護区の一つ
→ 世界屈指の「光害ゼロ」の地で、小さな星々を正確に観測するのに最適
→ ISTJにとっては、静かで整った環境が心地よく、知的探求の旅にぴったり",オージービーフのステーキ、ベイクドポテト、ラミントンケーキ
はくちょう座,"夏
→ 天の川の中を飛ぶような姿で、日本全国どこでも見やすい
→ 十字型をしており、**デネブ（全天21の一等星のひとつ）**を含む大きな星座
→ 神話や星の並びの美しさから、「北十字」とも呼ばれる人気星座","INFJ（提唱者タイプ）
はくちょう座は、天の川を飛翔する姿がとても美しくロマンチック
神話では忠義や自己犠牲の象徴でもあり、詩的・献身的・高い理想を抱く存在
INFJは、直感的な理想主義者で、深い内面と他者への思いやりを併せ持つタイプ
→はくちょう座は、「静かに力強く飛ぶ理想の象徴」としてINFJにぴったり","理想追求型
ギリシャ神話では、ゼウスが白鳥の姿に化けた話や、友を助けるために命を捧げたキュクノスの話など、理想・愛・献身を象徴する神話が多い
自分の信じるもののために迷いなく行動する精神性が込められている
→理想追求型は、現実に流されず、自分の信念を軸に人生を歩むタイプ
","岩手県・早池峰（はやちね）山麓
 空気が澄み、天の川とともにはくちょう座が鮮やかに見えるスポット
→ 神話性の強いINFJにぴったりな「静かで神聖な空間」
→ 山岳信仰もある地で、心の内側に深く向き合える旅になる",ひっつみ汁、前沢牛の炙り寿司、ずんだ餅
はちぶんき座,"南半球
→ 南極点にもっとも近い星座で、南半球でしか見えません
→ 明るい星はほとんどなく、目立たないが重要な星座
→ 名の由来は「八分儀（はちぶんぎ）＝古代の天文測定器」","INTP（論理学者タイプ）
はちぶんぎ座は、地味で目立たないけれど、“南天の基準点”として重要
→ 南極星「σ（シグマ）Octantis」を含む、基準を司る論理的星座
INTPは、外には出ないが、知性と分析力で世界を裏から支えるタイプ
→ 目立たずとも論理の中心にあるはちぶんぎ座は、静かに核心をつくINTPにぴったり","探究型
八分儀は、天文学や航海で位置を測るために不可欠だった道具
→ はちぶんぎ座は、**「真理を知るための測定器」**という意味を持つ
→ 実際、天文学の「南の基準点」にも使われている
→ 探究型は、**「目に見える世界の奥にある構造を知りたい」**という人生観
→ はちぶんぎ座は、見えにくいけれど本質を導くための星","チリ・パラナル天文台周辺
→ 世界屈指の観測環境。はちぶんぎ座がほぼ真上に見える
→ INTPにとって、無限の空と静けさが「思索の実験室」に
→ 南極星を探す星の旅にぴったり",チリ産シーバスのグリル、アボカドとレモンのサラダ、カスタード・トルタ
はと座,"冬
→ 日本でも南の空の低い位置に見える星座（南関東以南がベスト）
→ 明るい星は少ないが、南天でさりげなく輝く星座
→ ノアの方舟神話で**「オリーブの枝をくわえて戻ったハト」**が由来
→ 「希望・平和・再出発」の象徴","INFP（仲介者）
明るさは控えめながら、希望を届けるハトという意味を持つ特別な存在
自らは目立たず、平和・再生・内なる誠実さを大切にする
INFPは、理想を胸に秘め、静かに世界にやさしさを届けるタイプ
→ 「見た目より深い意味をもつ星座」であるはと座は、INFPに非常にフィット","再生と希望型
ノアの方舟の神話では、大洪水後に初めて希望を持ち帰ったのが“ハト”
破壊の後にくる再生、混乱の中での希望のしるし
→ はと座は、「静かに世界に光をもたらす存在」
→ 再生と希望型は、どんなに傷ついても、もう一度優しさを信じる人生観","宮崎県・都井岬
→ 南の海に突き出した美しい岬で、冬でも空が澄み、南の星座がよく見える
→ 野生馬と自然の絶景が広がる、静かでやさしい時間の流れる場所
→ INFPにとって、**心がふわっと軽くなる“癒しと希望の旅”**に◎",チキン南蛮、冷や汁、日向夏ゼリー
ふうちょう座,"南半球
→ 日本からの観測は困難（南半球限定）
→ 「ふうちょう（風鳥）」＝鳥-of-paradise＝極楽鳥を意味し、美と希少性の象徴
→ 16世紀末に南天星座として新設された","ENFP（広報運動家タイプ）
極楽鳥は美しくカラフルで個性的な外見を持ちながら、賢く器用な一面も
星座としては控えめでも、意味や名前がとても目を引くユニークさを持っている
ENFPは、自由な精神とカラフルな発想、魅了力と感性の持ち主
→ 自由に舞う個性派星座・ふうちょう座は、表現豊かなENFPにぴったり","創造と美の型
ふうちょう（極楽鳥）は、「存在するだけで周囲に感動を与える」鳥
→ 神話よりも自然界の“美と神秘”そのものが星座化された
→ 人生においても、「創ること」「美しさを伝えること」が価値になる
→ 創造と美の型は、自分の世界観を形にし、人の心に触れたいと願う人生観","バリ島・ウブド
→ 南半球でふうちょう座の観測に向いた場所
→ 美しい自然とアート、文化が融合する「表現者の楽園」
→ ENFPの好奇心や感性を満たす旅にぴったり",バリ風ナシチャンプル、ガドガド、バナナフリッター
ふたご座,"冬
→ オリオン座のすぐ左上に位置し、カストルとポルックスという明るい双子の星が特徴的
→ 星の並びが美しく、“双子の人影”のように見えることから人気の星座","ESFP（エンターテイナー）
ふたご座は、冬の夜空でくっきり目立つ対の星（カストル・ポルックス）がシンボリック
「2つで1つ」「会話」「関係性」を象徴する配置で、親しみやすく、目を引く存在
全体的に軽やかで明るい印象を与える星座
→ESFPは、社交的で今を楽しむことが得意、周囲を明るく照らすムードメーカー
→ ふたご座の明るく、対話的・陽気な雰囲気はまさにESFPの持つ“人懐っこい魅力”に一致
→ 周囲とのつながり・その場を楽しむ感性も、双子＝関係性を表す星座と相性抜群
","共鳴型
ギリシャ神話でのふたご座は、スパルタ王の子カストルと、ゼウスの子ポルックスの双子
兄弟の一方が死んだとき、もう一方が「自分の命を分け与えたい」と願い、2人は夜空に昇った
「命を分かち合い、共にある」＝深い共感と絆の象徴
→ 共鳴型は、他者とのつながり・共感を大切にし、感情の共有に価値を見出す人生観
→ 「ひとりではなく、共にあること」を願うふたご座の神話は、まさにこのタイプそのもの","静岡県・伊豆半島
→ 冬の澄んだ空＋春の訪れが重なる時期、東〜南の空に双子がよく見える
→ 夜は星空、昼は温泉とグルメ。海の上に浮かぶようなふたご座の観測が可能",金目鯛、桜えび、柑橘類
ペガスス座,"秋
→ 「秋の四辺形」で知られる巨大な四角形が特徴
→ 日本全国で見やすく、秋の夜空を代表する星座のひとつ
→ 神話では、天馬ペガススが空を駆け、英雄を運ぶ聖なる存在として登場","ENTP（討論者タイプ）
「秋の四辺形」は広くて明快な形を持ち、堂々と空に広がる
→ 複雑な星の配置ではなく、大胆で構造的、想像をかき立てる構造
ペガススは自由・飛翔・挑戦・創造の象徴で、限界を突破する発想型
ENTPは、既存の枠にとらわれず、新しいアイデアで人を惹きつける革新者タイプ
→ ペガスス座は、空を自由に翔ける論理と想像の使者として、ENTPにぴったり！","突破型（ブレイクスルー）
ペガススは、英雄ペルセウスの助けとなり、自由と力で困難を打ち破る存在
→ 泉を生み、神々のもとへ昇るなど、天地を繋ぐ“ブレイクスルー”の象徴
→ 常識に風穴を開け、新たな視点をもたらす力を持つ
→ 突破型は、逆境や常識を乗り越えて、新しい可能性を切り開く人生観","長野県・八ヶ岳
→ 空気が澄み、秋の四辺形が美しく見える星空スポット
→ 山の上から星を見下ろすような「空を駆ける旅」体験
→ ENTPらしいワクワクとインスピレーションに満ちた空間",信州そば、ジビエ串焼き、栗の渋皮煮
へび座,"夏
→ 日本全国で観測可能
→ 特徴的なのは、唯一「2つに分かれた」星座（頭部と尾部）
→ 「へびつかい座」に絡みつくように配置され、知恵・再生・医療の象徴","INTJ（建築家タイプ）
複雑で構造的な配置（2つに分かれ、へびつかい座と一体で機能）
→ 他の星座にはない戦略性と構造美を持つ
INTJは、内に秘めた論理と戦略性で世界を動かすタイプ
→ 他人から見えにくくても、確かな構造を内包するのが共通点
→へび座は、「見えにくくても一貫した知の力をもつ星座」＝INTJにぴったり","知恵と再生型
ギリシャ神話では、へび＝再生の象徴（脱皮）＆医療・錬金術の象徴
→ 医療の杖「アスクレピオスの杖」に巻き付くのもヘビ
→ 再生・進化・叡智のメタファー
→知恵と再生型は、変化の中で進化し、深い洞察で道を切り開く人生観","和歌山県・熊野古道
→ 古来より「再生の道」とされてきた聖地
→ 山と星空、そして神秘的な空気が内省と成長の旅に最適
→ INTJのように、静かに思索と自己変革を求める人におすすめ",めはり寿司、さんま寿司、黒糖ようかん
へびつかい座,"夏
→ 日本全国で観測可能、天の川の中に広がる大型星座
→ 両手で「へび座（Serpens）」を掴むような構図
→ 占星術的には「13番目の星座」として話題になることも","INFJ（提唱者タイプ）
複雑で壮大な構図の中で、知恵と癒しを象徴するポジション
静かで目立たないが、全体構造を把握し、調和を導く力をもつ
INFJは、静かに理想を描き、人を導く内面の力を持ったタイプ
→星座全体を支える存在としてのへびつかい座は、INFJに非常にフィットします","調和と癒し型
ギリシャ神話の医神アスクレピオスがモデル
→ 死者さえ蘇らせるほどの知と癒しの力を持ち、ゼウスに恐れられた
→ 人々にとっては救世主的な存在
→ **「他者を癒すことで自分も生きる」**という人生観を象徴する星座","長野県・戸隠
→ 天の川とともにへびつかい座が美しく見える山岳地帯
→ 古代信仰の地として**「癒し」「調和」「知恵」**に満ちた空間
→ INFJらしい「静かで精神的な再生」を促す旅に最適",そばがき、野沢菜漬け、くるみ餅
ヘルクレス座,"夏
→ 日本全国で観測可能
→ 特徴は、少し歪んだ「H」字型の星の並び
→ 星座の中心には球状星団「M13（ヘルクレス星団）」があり、観測に人気
→ ギリシャ神話で有名な英雄・**ヘラクレス（ローマ名：ヘルクレス）**が由来","ESTJ（幹部タイプ）
	•	星座自体は大きく構造的で、星同士の配置に明確な形がある（四辺形）
	•	明るい星が少ないため自己主張は強くないが、内に強い秩序と力を持つ
	•	ヘルクレスの物語は、「課題に対し誠実に取り組み、責任を全うする強さ」
→ ESTJは、実直で責任感があり、現実を動かすリーダータイプ

→へルクレス座は、行動で信頼を勝ち取るESTJの力強さと重なります
","試練超越型（克服の星）	
•ヘラクレスは、神ゼウスの子でありながら数々の苦難を課され、
　12の試練を乗り越えることで英雄となった
→ 戦い、責任、贖罪、献身といったテーマに満ちている
→ 最終的に天に昇って星となった

→ 試練超越型は、困難を恐れず挑戦し、自らを高めることに価値を見出す人生観","岐阜県・飛騨高山
→ 高地で空気が澄み、夏の星座がきれいに見えるエリア
→ 「静かで力強い自然」と「職人気質の文化」が残る町
→ ESTJのように地に足つけて誠実に生きる人にぴったり",飛騨牛の朴葉味噌焼き、赤かぶ漬け、五平餅
ペルセウス座,"秋
→ 日本全国で観測可能
→ 「ペルセウス座流星群」（毎年8月中旬）は特に有名！
→ ギリシャ神話では怪物メドゥーサを倒し、アンドロメダ姫を救った英雄","ISTP（巨匠タイプ）
ペルセウス座の中心にある**「アルゴル（メドゥーサの目）」は変光星**で、周期的に暗くなる不思議な星
→ 静かに変化し、危機的状況を乗り越える力を象徴
ペルセウスは、頭脳と機転、道具（盾・剣・翼のサンダルなど）を使いこなす戦士
→ ISTPは、冷静で分析力に優れ、実践的な行動力をもつ“道具の達人”タイプ
→ 「一見静かでも、内に戦略と技を秘めた戦士」＝ISTPとペルセウス座は好相性！","使命遂行型（守るべきもののために）
ペルセウスは、自分の利益よりも他者を救うために動いた英雄
→ アンドロメダを救出し、民を守る存在
→ 「必要なときにだけ立ち上がり、的確に仕事をこなす」
→ 無駄な自己主張はしないが、結果で語るタイプの人生観
→「使命のために力を使う」＝使命遂行型に分類される","青森県・八甲田山
→ 空気が澄み、星がくっきり見える本州最北の山岳地帯
→ ペルセウス座が見える冬の夜、静かな雪景色の中で凛とした星空観賞が可能
→ ISTPにぴったりの「静けさとタフさのある旅」",せんべい汁、いちご煮、りんごのアップルパイ
ほ座,"春
→ 日本では沖縄や南西諸島など、南の地域で低く見える星座
→ 古代ギリシャ神話のアルゴ船の一部（船の帆）として、船旅・冒険・旅立ちの象徴
","ENFP（広報運動家タイプ）
見える地域が限られており、見ようと思わなければ出会えないレア星座
古代の大船「アルゴ号」の帆を担い、冒険や新しい出発を導く役割
ENFPは、理想に向かって情熱的に旅を続ける冒険家タイプ
→ 「出発を告げる帆」＝「自由と夢に向かうENFP」との相性が抜群！","冒険と発見型
アルゴ船は、英雄イアソンが仲間とともに金羊毛を探す大航海へ出る物語の舞台
→ ほ座はその帆として、出発・航海・未知への挑戦の象徴
→ 行き先は見えなくても、「風を受けて進む意志」を示す星座
→ 冒険と発見型は、新しい出会いや価値を求めて旅を続ける人生観
","沖縄県・石垣島
→ 南の空がよく見える日本屈指の星空観測地
→ 新しい出発にふさわしい離島の空気と開放感
→ ENFPらしく「心が自由になれる場所」",石垣牛バーガー、海ぶどう、紅いもタルト
ぼうえんきょう座,"南半球
→ 南の空・低空に位置するため、日本本土からの観測は難しい
→ 見るなら沖縄や南半球向けの旅行先が◎
→ 18世紀に設定された新しい星座で、顕微鏡座・コンパス座などと並ぶ“科学器具星座”のひとつ","INTP（論理学者タイプ）
星座自体は非常に控えめだが、“観測する道具そのもの”を象徴する稀有な存在
他の星座を“見る”ための装置＝「世界をどう理解するか」を象徴
INTPは、静かに深く思索し、物事の本質を突き詰める探求者タイプ
→ぼうえんきょう座は、「他者を照らすのではなく、宇宙を理解しようとする知性」＝INTPにぴったり！","探究と内省型
神話由来ではなく、科学的視点から新たに命名された“知の象徴”
→ 自分の価値観よりも宇宙のしくみや原理に目を向ける姿勢
→ 華やかさよりも、「発見のための静かな努力」を大切にする
→ 探究と内省型は、真理を追うことに人生の意味を見出すタイプ
","ニュージーランド・マウント・ジョン天文台
→ 南天の空に広がる星座群が見える
→ 世界有数の**「星空保護区」**に指定されており、科学×星の理想郷
→ INTPらしい、深く静かに星と向き合える場所",ラムチョップの香草焼き、クマラ（さつまいも）、ハニーヨーグルト
ほうおう座,"冬
→ 日本では沖縄や小笠原諸島など、南の地域で低く見える星座
→ 南半球では特によく見える
→ 名前の通り、「火の鳥＝フェニックス」を象った星座で、再生・不死・希望の象徴","ENFJ（主人公タイプ）
比較的マイナーな南天星座だが、象徴性は非常に強い（神話的・精神的価値が高い）
フェニックスは燃え尽きても、そこから新たに甦る不死鳥
→ ENFJは、人々の希望を灯し、再生を支えるカリスマ的リーダータイプ
→「自らの苦難を超えて、他者を導く」＝フェニックスの在り方とENFJが重なる","再生と希望型
フェニックスは、炎に包まれて死んだあと、灰の中から再び生まれる伝説の鳥
→ 挫折・困難・終わりを経ても、再び立ち上がる強さと希望の象徴
→ 他者の再生にも手を差し伸べる存在
→「人生のどんな時期でも“再び輝く”ことができる」＝再生と希望型","沖縄県・与那国島
→ 南の空にほうおう座が姿を見せる、日本最西端の離島
→ 荒波の向こうに広がる水平線と星空が、生まれ変わるような感覚を与える
→ ENFJのように、精神的な力強さを持つ人にぴったりの旅先",八重山そば、ゴーヤーチャンプルー、黒糖プリン
ポンプ座,"春
→ 日本では沖縄や奄美など南の地域で地平線近くに見える程度
→ 小さくて暗い星ばかりで、目立たないが確かに存在する星座
→ 18世紀に設定された、空気ポンプ（当時の科学機器）を象った星座
→ ほぼ神話由来ではなく、科学や技術進歩の象徴","ISFJ（擁護者タイプ）
星自体は暗くて控えめだが、空気ポンプ＝“見えないところで動力を送り続ける存在”
ISFJは、目立たないながらも人や場を支える「縁の下の力持ち」タイプ
技術を支える静かな努力、周囲への献身的な支援といった意味でも一致
→ ポンプ座は、実直に、誰かのために力を注ぐISFJの星","奉仕と継続型
ポンプは、目に見えないところで力を与え、循環させる存在
見返りを求めず、持続的な支援や整備によって周囲を支える
→ 人生においても、誰かの力になることに価値を見出すタイプ
→ 奉仕と継続型は、コツコツと信頼を積み重ねる人生観","鹿児島県・奄美大島
→ 南の星座も地平線近くにうっすら見える
→ 静かな海と森に囲まれた島で、素朴でやさしい星空観察ができる
→ ISFJらしい「心を癒し整える旅」にぴったり",鶏飯（けいはん）、島豚の角煮、黒糖ピーナッツ
みずがめ座,"秋
→ 南東〜南の空にかけて見える星座。
→ 星の明るさは控えめだが、水を注ぐ姿が印象的な広がりのある星座
","ENTP（討論者）
・みずがめ座は、一つ一つの星はあまり目立たないが、全体像がユニーク
・「壺から水を注ぐ人」の形をしており、他にはない特徴的な姿
・特に南の空で流れるように構成されるため、ダイナミックな動きを想像させる星座
→ ENTPタイプは、アイデア豊富で変化に強く、新しい視点を生み出す発明家気質
→ みずがめ座の「自由な発想・流れるような構造」とぴったり一致
→ 見た目の派手さよりも、“構造や動きの面白さ”を重視する感性にも合う
","革新型
・ギリシャ神話では、みずがめ座は美少年ガニュメデスが神々の給仕として天に上げられ、水瓶を持って酒を注ぐ姿
・神々に選ばれた彼は、普通の人間から「神に仕える者」へと変化。これは、地上の常識を超えて、高次の価値に仕える＝革新の象徴
→革新型は、自分の殻を破り、常識を超えて世界に新たな流れをつくるタイプ
→ 「古い秩序を壊す」よりも、「未来の秩序を築く」ことに重きを置く人に合う","高知県・四万十川下流
→ 空が大きく開け、南側に流れるみずがめ座が見やすいロケーション
→ 「流れる水」と「星の流れ」がシンクロする風景",うなぎ、川エビ、柚子
みずへび座,"南半球
→ 日本からは基本的に観測不可 or 非常に低空にしか現れない
→ 観測にはオーストラリアや南アフリカなどの南半球への旅が必要

→ 「うみへび座（Hydra）」とは別の星座で、南天の小さな水蛇を表す
→ 神話には登場しないが、水の流れのような静かな星の並び","INFJ（提唱者タイプ）
目立たず、南天の低い位置にひっそりと存在する希少な星座
名前の由来通り、“流れ”や“静けさ”を象徴
INFJは、深い内面を持ち、静かな情熱で人や世界を導く理想主義者タイプ
→みずへび座は、「深く穏やかな影響力」をもつINFJの象徴星","調和と内面型
水の流れのように、表面は穏やかで深層に力を秘める
神話がない分、“語られないものに意味を見出す”性質を象徴
→ どこかミステリアスで、自己の内面や他者との関係性を深く考えるタイプ
→ 調和と内面型は、争いを避けつつ、内的世界で真理を追い求める生き方","オーストラリア・タスマニア島
→ 南天の低空までしっかり見える、静けさと自然美の融合地
→ 手つかずの原生林と満天の星空で、**INFJらしい「心の整う旅」**ができる",タスマニア産サーモン、ミントティー、ラベンダーアイス
みなみじゅうじ座,"南半球
→ 日本では基本的に観測不可（沖縄でも極めて低空）
→ 観測にはオーストラリアやニュージーランドなど南半球へ行く必要あり
→ 南半球の航海の目印、「天の羅針盤」として使われた伝統ある星座
→ 星の並びが十字型で、信仰・方向・導きの象徴","INFJ（提唱者タイプ）
南半球でしか見えないが、その象徴性は絶大（旗や国家の象徴にも）
十字の形は、「信念・使命・精神的な導き」の象徴
INFJは、自分の信じる理想やビジョンに向かって、静かに確実に進むタイプ
→ 多くの人が信頼するが、その心の内は深く静か
→みなみじゅうじ座は、自らの理想を信じて人生を航海するINFJにぴったりの星座","信念と導き型
古来、航海者たちがこの星を目印に進路を定めていた
→ 自分の中に“北極星”のような価値観を持ち、他者の羅針盤にもなり得る存在
十字はキリスト教的には苦難と救済、使命の象徴でもある
→ 信念と導き型は、困難の中でも理想を見失わず、自他を導く生き方","オーストラリア・ウルル（エアーズロック）付近
→ 大地と星空が一体となる、精神性の深い土地
→ 天の十字と聖なる岩が交差する場所で、自分の軸と向き合える旅",カンガルーのグリル、バラマンディの香草焼き、マカダミアナッツ入りチョコ
みなみのうお座,"秋
→ 南の空、日本でも南の地域（沖縄など）で地平線近くに観測可能
→ 一等星「フォーマルハウト」を含み、南天で強く輝く“孤高の星”として有名
→ 名前の通り「南の魚」だが、神話では“水瓶から流れた水を飲んでいる魚”として描かれる","INFP（仲介者タイプ）
一等星フォーマルハウトは、周囲に明るい星がなく孤立して輝く「孤高の星」
INFPも、人混みに馴染むよりも自分の感受性や理想に従って生きるタイプ
みなみのうお座は、静かに“水”という感情や直感の象徴と関わる星座
→みなみのうお座は、「心の世界に忠実で、静かに輝くINFPにぴったり」","感受と癒し型
神話では「みずがめ座の水を受け止めている魚」＝受容・共感・癒しの象徴
争うことなく、ただ「流れを受け止める」役割を果たす
→ 他者の感情や痛みを受け止め、静かに寄り添う存在
→ 感受と癒し型は、「傷ついた世界や心に寄り添う人生観」","沖縄・石垣島
→ 南の空がひらけ、フォーマルハウトをはじめとした南天の星がよく見える
→ サンゴ礁の海と静かな夜が、INFPの心にフィットする場所",島魚の塩焼き、海ぶどう、紅芋タルト
みなみのかんむり座,"南半球
→ 日本では南の低空にほんの少しだけ見える（沖縄など一部の地域）
→ 南半球ではよく見える
→ 星の並びが「王冠（冠）」の形に見えることから名付けられた星座
→ 古代ギリシャでは勝利や名誉、神聖さの象徴","ISTJ（管理者タイプ）
明るい星はないが、小さく整った形で南の空にきれいに並ぶ
→ 秩序、バランス、伝統美を感じさせる
王冠（冠）は、正当に与えられる「評価」や「信頼」の象徴
ISTJは、責任感が強く、地道な努力で信頼を築くタイプ
→ みなみのかんむり座は、自らの信念を着実に積み上げた者の誇りの象徴
→ 控えめでも「認められるべき人」が輝く星","誇りと実直型
王冠は神々や英雄に与えられる象徴
→ 一夜で得たものではなく、「積み重ねた努力の結晶」
冠をかぶることは、「与えられた責任と誇りを引き受けること」
→ 誇りと実直型は、地道な努力を誇りに変え、責任を持って生きるタイプ","オーストラリア・メルボルン郊外
→ 南天の空が開け、星座がはっきり見える
→ 静かで落ち着いた都市と自然が、ISTJの性格にフィット
→ 整然とした街並み、きちんと管理された自然保護区も魅力",ラム肉のロースト、グリルド・カンガルー、ティムタム（チョコ菓子）
みなみのさんかく座,"南半球
→ 日本では観測不可（完全な南天の星座）
→ 南半球、特にオーストラリアやチリなどでよく観測される
→ 名前の通り、三つの星がきれいな正三角形を形成している
→ 幾何学のような星の配置は、知性・調和・バランスの象徴","INTJ（建築家タイプ）
星の並びが美しく正確な三角形を描くことから、秩序と構造を重視するタイプにぴったり
INTJは、戦略的思考や構造化された未来ビジョンを得意とする知的設計者タイプ
観測には南半球まで行かなければならない＝知る人ぞ知るレアな星座
→ みなみのさんかく座は、「冷静に未来を設計する戦略家・INTJの象徴星」","知性と構築型
星の配置そのものが「幾何学的構造」を持ち、人が自然に秩序や美を見出す典型例
「三角形」は安定・構造・均衡の象徴であり、設計・分析的思考に結びつく
→ 人生を戦略的・論理的に捉え、自らの理想像に向けて積み上げていくタイプ","チリ・アタカマ砂漠
→ 世界有数の星空観測地で、南天の星座もくっきり見える
→ 高地・乾燥・空気の澄み具合が最高クラス
→ INTJらしく、**計画性をもって臨む“目的のある星旅”**にぴったり",チリ産アンデスポークのグリル、キヌアのサラダ、ルクマのジェラート
や座,"夏
→ 日本からも観測可能（天の川の中、はくちょう座とわし座の間）
→ とても小さくて暗い星座だが、形が「矢」に似ていて印象的
→ ギリシャ神話では、神アポロンやヘラクレスが放った神聖な矢とされる","ISTP（巨匠タイプ）
小さく目立たないが、構造がシャープで機能的＝まさに“矢”のような形状
ISTPは、観察力・問題解決能力に優れ、目的のために静かに動く実践家
矢座は「小さく鋭い影響力」を象徴しており、即応的かつクールなISTPと重なる
→や座は、「静かに放たれ、的を射抜く知性と行動力」の象徴星
→ ISTPの“必要なときにだけ動き、確実に結果を出す”姿にぴったり","意志と瞬発型
や座は、**神々が放った一撃必殺の“神の矢”**を象徴する
→ 目的・信念をもって放たれ、まっすぐ進む存在
→ 多くを語らず、一撃で核心を突く人生哲学
→意志と瞬発型は、「ここぞという場面で力を発揮する生き方」","長野県・阿智村
→ 日本一の星空の里として有名。天の川の中にあるや座を肉眼で確認可能
→ 人混みも少なく、ISTPにとって居心地のよい「自然×実用」の旅先",信州鹿肉のロースト、野沢菜漬け、そばプリン
やぎ座,"秋
→ 日本からもしっかり観測可能（南の空に広がる星座）
→ 古くから黄道十二星座のひとつで、神話では「半分ヤギ・半分魚の神獣」
→ 土のエレメントに属し、「努力・現実・野心・忍耐」の象徴","ESTJ（幹部タイプ）
星の並びは控えめだが、黄道十二星座として重要な位置にあり、占星術上の影響力も強い
やぎ座は山羊＝山を登る動物 → 頂きを目指す野心と持久力の象徴
ESTJは、現実を見据え、組織を動かし、地道に結果を出す管理者タイプ
→ やぎ座は、地に足をつけて一歩一歩前進する、実行力あるESTJにぴったり","努力と達成型
ギリシャ神話では、牧神パーンが魚の尾を持つ怪物の姿となって海に逃れた
→ 不利な状況でも生き延び、再び役割を果たす
→ 山羊の姿は「着実な前進」、魚の尾は「柔軟な対応力」
→ 努力と達成型は、「目標に向かって地道に登り詰める人生観」","兵庫県・六甲山
 静かな山道と神戸の夜景のコントラストが、努力の先にある達成感を象徴
→ 頂上から星空を見上げることで、自分の歩みを振り返る時間に",神戸牛のステーキ、六甲チーズ
やまねこ座,"冬
→ 日本全国で観測可能だが、暗い星ばかりで非常に見つけにくい星座
→ 星がまばらに並んでおり、形も分かりづらいが、観察力がある人にしか見えないとされる
→ このことから「観察力・洞察力・知恵の象徴」として知られる星座","INFJ（提唱者タイプ）
やまねこ座は非常に目立たないが、鋭い観察眼を持つ者にだけ“気づかれる”星座
→ まさにINFJのように、表には出さずとも奥深い思索と洞察を持つタイプ
星座の命名者・ヘヴェリウスは「この星座を見つけるには“やまねこの目”が必要」と語った
→ 内面のビジョンや直感を大切にするINFJに通じる
→ やまねこ座は、「静かな深さと鋭い洞察力」を持つINFJにぴったりの星","観察と内省型
やまねこ座には神話はないが、科学的・観測的意図で名付けられた稀な星座
→ 無神話でありながら、「見る力」によって意味を持った星座
→ 派手さよりも、気づきや分析、洞察に価値を見出す生き方
→ 観察と内省型は、「目立たない部分にこそ意味を見出し、世界の裏側を読み解く」","北海道・美瑛
→ 冬の静かな夜空に、雑音のない“無音の星空”を観測できる場所
→ INFJにとって心を整える空間。思索と観察に向いた土地",じゃがいもとチーズのグラタン、ミルクプリン、ハスカップのジャムトースト
らしんばん座,"春
→ 日本でも南の空の低い位置に観測可能（南日本の方が見やすい）
→ 古くはアルゴ船座の一部で、のちに独立した星座
→ 名の通り「羅針盤（航海用の方位磁石）」を表し、“進むべき方向”の象徴","ENFP（広報運動家タイプ）
羅針盤は、迷ったときに進路を示す導き手
→ ENFPは直感や情熱で道を切り拓くタイプで、人にも道を示すカリスマ的資質をもつ
星座自体はあまり明るくないが、“意味を持つ道具”として象徴性が高い
→らしんばん座は、「自分の内なる情熱で、誰よりも遠くへ旅をするENFPの星」","導きと探求型
羅針盤＝進むべき方向を示すもの
→ 自分や他者の“未来の行き先”を見つけ出す力を象徴
神話には直接登場しないが、「アルゴ船」の航海に欠かせない役割を果たす
→導きと探求型は、「好奇心と希望を持って、新たな地平を切り拓いていくタイプ」","種子島
→ 南の空がよく開けており、らしんばん座も観測しやすい
→ 宇宙センターや自然、海の旅＝探求・航海・未来を感じられるENFPに最適な地",飛魚（トビウオ）の刺身、安納芋スイーツ黒糖焼酎
りゅう座,"夏
→ 北極星の近くにあるため、日本からは年中見える
→ 長くうねる形が特徴で、北の空を取り巻くように広がる
→ ギリシャ神話では、**黄金のリンゴを守るドラゴン「ラドン」**として知られる","INTP（論理学者タイプ）
星座の形は複雑で長く続き、全体像を理解するには注意深く見る必要がある
→ INTPのように、複雑な構造や論理を読み解くことに喜びを見出す思考型タイプに重なる
常に空にある（周極星）＝深く静かに存在し続ける知の象徴
→りゅう座は、「誰よりも思考をめぐらせ、世界の仕組みを探るINTPの星」","試練と知恵型
りゅう座＝ヘスペリデスの園で黄金のリンゴを守る番人・ドラゴン「ラドン」
→ ラドンはヘラクレスによって倒されるが、忠義と強靭さ、知恵の象徴として星にされた
その姿勢は、「守る」「見張る」「問い続ける」人生に通じる
→試練と知恵型は、「簡単な道ではなく、自ら考え、乗り越え、成長していくタイプ」","青森県・十和田湖周辺
→ 北の空が開けていてりゅう座が見やすいエリア
→ 静かな湖と森の中で、思索にふけるINTPにぴったり
→ 八甲田山の伝説も「龍」モチーフがあり、物語性もリンク",青森シャモロックの地鶏鍋、にんにく味噌おにぎり、りんごの紅茶コンポート
りゅうこつ座,"冬
→ 日本の本州では南の空ギリギリに見える or 見えにくい
→ 沖縄や南西諸島では観測可能（低空・条件が必要）
→ 古代ギリシャのアルゴ船座（アルゴ・ナウス）の一部で、船の「竜骨（きょうこつ）」部分を表す
→ 「船の土台・背骨」であり、旅・探検・勇気の象徴","ESTP（起業家タイプ）
りゅうこつ座には、**全天で2番目に明るい星「カノープス」**が含まれている
→ 非常に明るいが、見られる場所が限られる＝レアで力強い存在感
ESTPは、大胆な行動力と瞬発力、現場での機転に長けたタイプ
→ 船の“骨”として全体を支え、未知を進む力は、まさにESTPのような突破力
→りゅうこつ座は、「行動で未来を切り拓く実践者＝ESTP」にぴったりの星","冒険と突破型
元は、**英雄イアソンとアルゴノーツたちが黄金の羊を探す船「アルゴ船」**の一部
→ 船の一番下＝見えないところで全体を支えながら、旅の基盤となる
→ 「目立たずとも、最も重要な土台」を象徴する星座
→ 冒険と突破型は、「未知の海に出る勇気と、行動の中で未来を創るタイプ」","沖縄・南城市
→ 沖縄本島の南部は水平線が広く開けており、カノープス観測可能
→ 海と星、神話の気配を感じる旅になる
→ ニライカナイ橋や久高島など、“海の向こうの神話世界”との縁も深い",沖縄そば、海ぶどう、サーターアンダギー
りょうけん座,"春
→ 北斗七星の下あたり、おおぐま座の足元に位置
→ 小さく地味な星座だが、美しい銀河や星雲を多く含む“深い宇宙の窓”","ISF J（擁護者）りょうけん座は小さくて控えめだが、背景には豊かな銀河が広がる
→ ISFJは、目立たないながらも深い思いやりと支えの力を持つ性格タイプ
星座名の「猟犬」は、おおぐま座を追う忠実な2匹の犬
→ 忠誠・保護・支援のシンボル
→ りょうけん座は、静かに人を守り支えるISFJにぴったりの星座","守護と献身型
りょうけん座に神話は直接ないが、天文学者ヘヴェリウスによって命名され、猟犬の象徴に
→ 猟犬＝忠実に仲間や主人を守る存在
→ 人生の目的は「見守り、支えること」にある
→ 守護と献身型は、「大切な人の背中を静かに支える人生観」","長野県・美ヶ原高原
→ 空気が澄み、銀河系が美しく見える星空スポット
→ 控えめな星座にも気づけるほどの暗さと静けさがある
→ 星を通して、“自分の支え方”に気づける場所",信州そば、野沢菜漬け、りんごのタルト
レチクル座,"南半球
→ 日本からはほとんど観測できない南天の星座（南半球向け）
→ 「レチクル＝接眼十字線」＝望遠鏡や顕微鏡の十字線を表す
→ 星座としては非常に小さく目立たないが、観測・分析・測定の象徴","ISTJ（管理者タイプ）
レチクル座は、視野の中心を正確に捉える“十字線”の星座
→ 目立たなくても、観測の基準点となる重要な存在
→ ISTJのように、正確さ・信頼性・実直さを備えたタイプ
→レチクル座は、「静かに全体を支える精密な論理の人＝ISTJ」にぴったりの星","分析と秩序型
神話はないが、「科学的に精度を高めるための星座」として設計された
→ 測定と観測に欠かせない“基準”＝事実・根拠・正確さを重んじる生き方
→ 自らが表に出ずとも、全体の軸になることに価値を見出す
→分析と秩序型は、「正確なものさしで、世界を理解しようとする人生観」","オーストラリア・タスマニア島
→ レチクル座が観測可能な南天の地
→ 空気が澄み、南半球ならではの星空と自然が融合
→ 精密で静かな観測にぴったりの環境",ラムのロースト、ビートのサラダ、レモンマートルのチーズケーキ
ろ座,"冬
→ 日本では九州南部・沖縄など南の地域で、低空にうっすら観測可能
→ 南天の星座で、小さく目立たない
→ 「Fornax＝かまど・炉」を意味し、“創作・変容・内に宿る炎”の象徴","INFP（仲介者タイプ）
星座は小さく目立たないが、“火を起こす炉”という内的な熱と創造性の象徴
→ INFPは、静かな内面に強い想いと理想を抱き、創作に昇華するタイプ
→ 一見控えめでも、心の中には燃えるような価値観がある
→ ろ座は、「静かなる理想と創造の炎を持つINFPの星」","内面の情熱と創造型
ろ座には神話がないが、科学時代に作られた星座（18世紀）
→ 「かまど」は、形のないものを熱で変え、創り出す場
→ 火＝変容、炉＝創造のシンボルとして、人生を内側から創っていくタイプ
→内面の情熱と創造型は、「心に宿した想いを、自分なりの形で外に表現する生き方」","沖縄・久米島
→ 水平線近くまで見渡せるスポットが多く、ろ座の観測が可能
→ ゆったりとした島時間で、内面の情熱や創作意欲と向き合える場所",島豆腐のチャンプルー、紅芋のコロッケ、黒糖プリン
ろくぶんぎ座,"春
→ 日本からも観測可能（しし座の下あたりに位置する）
→ 明るい星は少なく、とても控えめな星座
→ 名前の由来は、航海や天体観測に使われた「六分儀」＝角度を測る道具","ISTP（巨匠タイプ）
明るくないが、正確に“位置を測る”という実用的な役割を持つ星座
→ ISTPは、道具・仕組み・構造に強く、観察力と実行力に優れたタイプ
六分儀＝「静かに正確な判断を下す観測ツール」＝必要なときに必要な精度で動く人
→ろくぶんぎ座は、「静かに世界の構造を理解し、正確に動くISTPの星」","精度と観察型
神話はないが、17世紀に天文学者ヘヴェリウスが観測器具にちなみ命名
→ 目立つよりも、「観察・測定・分析」に徹する星座
→ 自分の中で納得した答えを持ち、無駄を省く人生観
→精度と観察型は、「本質を見抜き、静かに的確に行動する生き方」","茨城県・筑波山 or 栃木県・茂木町
→ 空が広く、春は空気が澄んでおりろくぶんぎ座が観測しやすい
→ 科学・観察・精密さのキーワードに合う、つくば宇宙センターなども訪問可能",つくば鶏のグリル、レンコンチップス
わし座,"夏
→ 日本の夏の夜空、南東〜南の空に見やすい
→ 明るい星「アルタイル」が有名で、七夕伝説の主役の一つ
→ 翼を広げて空を翔ける鷲の姿を表す、堂々とした星座","ENTJ（指揮官タイプ）
アルタイルは全天で非常に明るく、夏の夜空で目立つ堂々とした星
→ ENTJは、リーダーシップと決断力を持ち、目標に向かって力強く進むタイプ
わし座の姿は、空高く翼を広げて飛ぶ力強さと統率力の象徴
→ わし座は、「堂々と未来を切り拓くENTJの星座」","リーダーシップと達成型
わし座はギリシャ神話のゼウスの使い鷲ともされ、強力で勇敢な存在
→ 「責任を担い、物事を成し遂げること」に人生の価値を見出す
→ 高みを目指し、組織や社会の中でリーダーシップを発揮
→ リーダーシップと達成型は、「目標に向かい強く前進する生き方」","長野県・霧ヶ峰高原
→ 空気が澄み、夏の天の川やアルタイルが美しく観測できる
→ 広大な草原で、自由に羽ばたくわしのような気分に浸れる場所",信州牛のステーキ、野沢菜漬け、そば団子